id,domain,status,purchase_price,renewal_price,attractiveness,demand,length,registrar,created_at,expires_at,status_verified_at
d0083bc3-e397-475a-9cf4-54b24d3dce98,vanessa.blackfriday,available,114.99,114.99,high,low,7,namesilo,,,28/09/2026 09:53
beb6cc82-cc4e-423a-a469-7a5f8804b627,equality.blackfriday,available,103.7,103.7,high,low,8,spaceship,,,28/09/2026 19:07
32818dab-1356-4b44-b81a-3df9460824cd,ard.blackfriday,premium,328.02,328.02,medium,low,3,porkbun,,,28/09/2026 11:18
0d45bb62-c078-455b-b699-bca0c3749c27,spaced.blackfriday,available,114.99,114.99,high,medium,6,namesilo,,,10/09/2026 15:03
06d33acd-35da-4530-a5c6-d8bacd4db1e8,pawky.blackfriday,available,114.99,114.99,medium,low,5,namesilo,,,08/09/2026 10:57
12c25eb9-301a-42ef-8bd0-049a6ea4c803,persian.blackfriday,available,114.99,114.99,high,low,7,namesilo,,,22/08/2026 09:41
3db16b73-c8b1-4db1-ab2e-035ab9307dde,magnetized.blackfriday,available,114.99,114.99,high,low,10,namesilo,,,24/08/2026 13:04
e7ade986-961f-48cf-8a5a-9a9658b60c16,small.blackfriday,available,103.7,103.7,high,low,5,spaceship,,,29/09/2026 19:21
40c27e59-7f9a-45c6-a340-75a82f7ea997,dogging.blackfriday,available,114.99,114.99,medium,low,7,namesilo,,,14/08/2026 15:03
1754391d-a0e6-4a1b-a288-fc562e1552ab,balalaika.blackfriday,available,114.99,114.99,medium,low,9,namesilo,,,21/09/2026 20:48
8003165e-e9ca-4c78-9773-3e26206bd85b,corsair.blackfriday,available,114.99,114.99,high,low,7,namesilo,,,22/09/2026 04:33
0ff16eb8-ea91-401d-95d4-c4f3ee2ce1b6,cambridge.blackfriday,available,114.99,114.99,high,low,9,namesilo,,,24/09/2026 11:51
c001399a-dddd-47da-828a-f0b6a93004fa,resolvable.blackfriday,available,103.5,103.5,high,low,10,porkbun,,,27/09/2026 12:20
505322cb-0eca-4770-a90b-d9f08602e171,gaylord.blackfriday,available,103.7,103.7,high,low,7,spaceship,,,29/09/2026 03:38
0e312660-f9d7-469e-8159-92c2b4502c8b,albee.blackfriday,available,128.98,134.98,medium,low,5,namecheap,,,18/09/2026 02:31
0c9db68e-657d-4a58-9761-c8209c9e8a43,ixl.blackfriday,premium,384,384,medium,low,3,namesilo,,,
bf08cce7-560e-496e-9e77-9e494336d567,underwear.blackfriday,available,114.99,114.99,high,low,9,namesilo,,,
b2714eb5-782d-4ad7-a7c1-92b8eac11d4b,sleepy.blackfriday,available,114.99,114.99,high,low,6,namesilo,,,10/09/2026 10:39
5082de75-bebe-4278-8f2d-ead542ab3c01,demonstrate.blackfriday,available,107.22,107.22,high,low,11,dynadot,,,28/09/2026 11:13
35bc410c-641d-435a-b021-5ccd934e6ca2,gaussian.blackfriday,available,128.98,134.98,high,low,8,namecheap,,,18/08/2026 20:52
fa7af5e4-d8ae-4ab9-8d9b-eda936f9d069,conservation.blackfriday,available,107.22,107.22,high,low,12,dynadot,,,29/09/2026 23:26
64b6873d-7643-46a5-8441-c5a451582b20,streisand.blackfriday,available,114.99,114.99,high,low,9,namesilo,,,22/09/2026 05:03
7a842802-85d3-4c0a-9f9b-1c26ef2ebc00,attach.blackfriday,available,128.98,134.98,high,low,6,namecheap,,,23/09/2026 19:57
563ca061-aeff-4e66-85c7-9efd1806acd8,antefix.blackfriday,available,114.99,114.99,medium,low,7,namesilo,,,19/09/2026 12:49
2ccee87d-6ca9-4f78-aae9-33fd450854fd,abutment.blackfriday,available,128.98,134.98,high,low,8,namecheap,,,16/09/2026 19:33
644fb8b3-7483-4f04-832d-d37ddb6197c9,querier.blackfriday,available,114.99,114.99,medium,low,7,namesilo,,,20/09/2026 14:26
a9046b74-5b83-4a6a-b1f0-8d112be895f3,compile.blackfriday,available,114.99,114.99,high,low,7,namesilo,,,08/09/2026 09:16
2e9fd00d-7b8f-4746-9b0b-d15233a9b893,sinful.blackfriday,available,114.99,114.99,high,low,6,namesilo,,,22/08/2026 05:27
1f1baed2-f106-4063-a8f6-7aba9171d0a5,girlish.blackfriday,available,114.99,114.99,high,low,7,namesilo,,,18/08/2026 23:59
de908505-8cc4-4e84-9b15-4d83ba15bca5,thinking.blackfriday,available,128.98,134.98,high,low,8,namecheap,,,28/09/2026 02:31
adb7fa97-84fc-4a26-ac9c-ad04d6ce7970,download.blackfriday,available,114.99,114.99,high,low,8,namesilo,,,28/09/2026 06:58
4a5c282f-cc1a-48fc-8ef3-aee909eea64d,antihero.blackfriday,available,114.99,114.99,high,low,8,namesilo,,,19/09/2026 14:35
ff00172a-4f1e-4418-95d4-e75130c406bd,alder.blackfriday,available,114.99,114.99,high,low,5,namesilo,,,18/09/2026 04:26
6df4e05e-7376-414a-99ec-56413ac38d17,sprawling.blackfriday,available,114.99,114.99,high,medium,9,namesilo,,,09/09/2026 10:02
9f0dad40-6951-490d-aefa-6748d8aa14e9,orr.blackfriday,premium,384,384,high,low,3,namesilo,,,27/09/2026 03:21
4fb53689-fe40-485b-b1d4-0f7c27dde019,clv.blackfriday,premium,384,384,high,low,3,namesilo,,,
816c5d04-7b09-4af6-9ffe-d83a212caee6,enthralled.blackfriday,available,114.99,114.99,medium,low,10,namesilo,,,09/08/2026 10:06
78915e6c-65d6-4bd8-8f41-a12bc1854da9,ascites.blackfriday,available,114.99,114.99,medium,low,7,namesilo,,,20/09/2026 13:17
82402035-48cc-4901-b064-5d5aff266682,upbeat.blackfriday,available,114.99,114.99,high,low,6,namesilo,,,04/09/2026 01:23
6146d22a-03e5-47b4-bdf6-d4507ec4b2df,cislunar.blackfriday,available,114.99,114.99,medium,low,8,namesilo,,,12/08/2026 08:30
86643348-558a-4f25-af27-39fb9737bc02,webby.blackfriday,available,114.99,114.99,high,low,5,namesilo,,,03/09/2026 16:08
4e191165-6df1-4695-a3be-fc90492b264a,colored.blackfriday,available,128.98,134.98,high,low,7,namecheap,,,22/09/2026 20:23
c02ab8ee-eb7a-4bbb-a60c-202d85b8031f,boarding.blackfriday,available,114.99,114.99,high,low,8,namesilo,,,27/09/2026 11:44
2eff3f9e-6b31-462b-9186-4344850dc0b7,internal.blackfriday,available,114.99,114.99,high,low,8,namesilo,,,25/09/2026 09:40
b358bd5e-28b5-4e0d-ad50-7fc140633a52,stanch.blackfriday,available,128.98,134.98,medium,low,6,namecheap,,,10/09/2026 19:26
a89d78c0-64ab-46e9-97c9-715c8295b4e8,hangnail.blackfriday,available,128.98,134.98,medium,low,8,namecheap,,,17/09/2026 18:26
523e25d1-cbb2-4032-9a22-f5d0b52d2ce7,docket.blackfriday,available,114.99,114.99,high,low,6,namesilo,,,17/09/2026 17:03
3047b702-afe5-4ea2-8955-c12b09b85e7d,rifle.blackfriday,available,114.99,114.99,high,low,5,namesilo,,,27/09/2026 04:01
350405cc-e4ac-4a8b-8b03-7017b1dffb0d,renascent.blackfriday,available,114.99,114.99,high,low,9,namesilo,,,09/09/2026 13:55
a61ccf46-cb67-4789-b605-d26a080016ed,askance.blackfriday,available,114.99,114.99,medium,low,7,namesilo,,,07/08/2026 02:56
cf79430d-0c9a-4f7f-abf7-de5d9ca6977e,bernard.blackfriday,available,128.98,134.98,high,low,7,namecheap,,,23/09/2026 09:46
e0032a77-76ba-40ee-b04b-ec4f0b27c3fb,katrina.blackfriday,available,103.7,103.7,high,low,7,spaceship,,,29/09/2026 09:26
117a82cf-f376-4cb0-b0b4-937478edfa17,fruitfully.blackfriday,available,128.98,134.98,high,low,10,namecheap,,,14/09/2026 20:27
7d5eb8ee-a98d-4967-86fd-581ed0056323,duffy.blackfriday,available,114.99,114.99,high,low,5,namesilo,,,29/09/2026 03:40
a8b09b4b-161f-4e65-b747-e54ddf2d6246,biotype.blackfriday,available,128.98,134.98,high,low,7,namecheap,,,23/09/2026 19:14
8d8ea3ea-3510-4cbf-9924-f4a8dd759771,pas.blackfriday,premium,310.7,310.7,high,low,3,spaceship,,,29/09/2026 01:49
27030322-09b1-495d-a339-9e2302bd5355,options.blackfriday,available,114.99,114.99,high,low,7,namesilo,,,19/09/2026 14:29
6d526c92-907c-41c0-acb2-5c196896b673,esther.blackfriday,available,114.99,114.99,high,low,6,namesilo,,,24/09/2026 06:50
8c132f41-2e7c-4090-860e-61bc45f5d1b0,bandbox.blackfriday,available,114.99,114.99,medium,low,7,namesilo,,,22/09/2026 01:01
636f295d-0e5c-4bbf-b252-2f98ed5fee6f,boyle.blackfriday,available,299.99,299.99,high,low,5,name.com,,,25/09/2026 02:02
3cc2a49d-3eb6-432f-9c6b-08f5d88df864,prom.blackfriday,available,107.22,107.22,high,low,4,dynadot,,,28/09/2026 02:58
876d60f3-6d8f-45d9-9656-d239865edeb5,manipulation.blackfriday,available,103.7,103.7,high,low,12,spaceship,,,29/09/2026 10:20
83944ebe-d905-4133-b3f4-10b171a64853,officer.blackfriday,available,114.99,114.99,high,low,7,namesilo,,,25/09/2026 09:25
2a22b631-bb9d-49f2-9bda-7d68b2310fd8,warrants.blackfriday,available,128.98,134.98,medium,low,8,namecheap,,,29/09/2026 11:17
63aae2e6-0840-4379-929a-3ce013cef3b7,accompany.blackfriday,available,114.99,114.99,high,low,9,namesilo,,,24/09/2026 16:41
10991f18-ffc5-4fb8-97ec-d4538570d8b1,outburst.blackfriday,available,114.99,114.99,high,low,8,namesilo,,,30/09/2026 01:27
b6c80402-94f6-4ebc-9869-f0cb9b30b01c,cynicism.blackfriday,available,128.98,134.98,medium,low,8,namecheap,,,24/09/2026 20:49
b8a27233-7f81-4d97-9960-40e3b256e21a,graz.blackfriday,available,114.99,114.99,medium,low,4,namesilo,,,29/09/2026 01:07
d0ad4d7a-cbce-4f2a-a535-851f7d702f2f,gently.blackfriday,available,103.7,103.7,high,low,6,spaceship,,,28/09/2026 14:58
97a6f134-744b-4df9-8eda-88aa4434b0f9,angela.blackfriday,available,128.98,134.98,high,low,6,namecheap,,,25/09/2026 13:41
ef3455bb-8935-4aa0-bd84-32f974b3dcb0,coloring.blackfriday,available,114.99,114.99,high,low,8,namesilo,,,12/08/2026 17:31
1e4d3cd8-e637-4fa2-8159-663238d4f398,abhorrent.blackfriday,available,114.99,114.99,medium,low,9,namesilo,,,21/09/2026 13:49
10fc9608-4531-4a15-bef2-33eb18636dc9,warner.blackfriday,available,114.99,114.99,high,low,6,namesilo,,,28/09/2026 05:27
bc273d15-22e7-4eca-9ba5-ce655a8057f8,irons.blackfriday,available,103.5,103.5,high,low,5,porkbun,,,29/09/2026 07:52
e51866b5-daee-4eca-bfba-8b7787772995,wiesbaden.blackfriday,available,114.99,114.99,high,low,9,namesilo,,,29/09/2026 14:08
13c787de-7473-45bb-b3a0-5b9638eb64f9,friendship.blackfriday,available,103.7,103.7,high,low,10,spaceship,,,29/09/2026 19:59
28d9d034-1ac8-469f-be3f-ac7da54b91a1,gerard.blackfriday,available,114.99,114.99,high,low,6,namesilo,,,25/09/2026 13:17
952b361f-66bd-4051-86f9-acc0ea1a3719,secretly.blackfriday,available,114.99,114.99,medium,low,8,namesilo,,,15/09/2026 06:37
59539779-2303-4890-9bc8-7318db640445,historic.blackfriday,available,114.99,114.99,high,low,8,namesilo,,,21/08/2026 09:51
536e4b1a-5668-46e2-8086-29b202cb7ad4,hay.blackfriday,premium,310.7,310.7,high,low,3,spaceship,,,28/09/2026 14:24
fc5c501a-1471-4a17-9771-1386e3cf918a,perm.blackfriday,available,114.99,114.99,high,low,4,namesilo,,,08/09/2026 17:34
cffb6abf-8a35-429a-b93a-8427f8ea7942,inherent.blackfriday,available,114.99,114.99,high,low,8,namesilo,,,23/09/2026 10:30
fbd3f339-7da8-43b3-b92c-2bc0de1de0f9,colder.blackfriday,available,114.99,114.99,low,low,6,namesilo,,,29/09/2026 10:18
f2f10e72-d96b-40e8-a17c-c156c3a6c162,performance.blackfriday,available,114.99,114.99,high,low,11,namesilo,,,25/09/2026 16:44
b064e8dd-fc80-4af5-a569-3e4bcf38fc84,respiration.blackfriday,available,114.99,114.99,high,low,11,namesilo,,,29/09/2026 23:19
f4c6ee37-0c8c-4f83-ae49-c6063bb661e1,discharged.blackfriday,available,114.99,114.99,medium,low,10,namesilo,,,14/08/2026 09:49
7fb490a4-8e50-471b-9329-473850e14d06,chewable.blackfriday,available,114.99,114.99,medium,low,8,namesilo,,,12/08/2026 04:28
1afd72c4-2cf6-488a-8e59-9fe6af801156,tremulous.blackfriday,available,114.99,114.99,medium,low,9,namesilo,,,09/09/2026 07:46
3df0aad5-cfe5-4ddb-9b0a-55728a1fd7f0,factor.blackfriday,available,114.99,114.99,high,low,6,namesilo,,,29/09/2026 04:30
00621c7b-1373-4462-8c62-6bddd1a993de,dues.blackfriday,available,299.99,299.99,high,low,4,name.com,,,19/09/2026 19:46
c58d5d8a-2187-4c48-9aaf-7466fd7f0168,rhapsodic.blackfriday,available,114.99,114.99,high,low,9,namesilo,,,14/08/2026 23:52
ae623b1e-0c9c-4458-867d-f42d1a5aa207,icons.blackfriday,available,114.99,114.99,high,low,5,namesilo,,,
ccc4705f-341b-4d3b-9ac2-1d3214ea7b79,doubting.blackfriday,available,114.99,114.99,high,low,8,namesilo,,,14/08/2026 17:01
930c8f8d-56e7-484d-b4bc-86bd7e99ad94,ashcan.blackfriday,available,114.99,114.99,medium,low,6,namesilo,,,20/09/2026 13:35
739e51a8-c440-475a-a8b9-d86334290d09,louise.blackfriday,available,128.98,134.98,high,low,6,namecheap,,,25/09/2026 13:47
d8f582ed-f195-4d71-ba2c-4e1f30a6026b,roland.blackfriday,available,114.99,114.99,high,low,6,namesilo,,,28/09/2026 07:46
9f34838f-775b-4405-8db9-dbfcbfe0660f,debile.blackfriday,available,299.99,299.99,medium,low,6,name.com,,,13/08/2026 20:28
6ee612e8-37ea-47bc-a37f-5ef4bf091e9e,ashur.blackfriday,available,114.99,114.99,medium,low,5,namesilo,,,20/09/2026 13:50
1fe43f3e-3982-44aa-8679-4acda742572d,fungicide.blackfriday,available,128.98,134.98,high,low,9,namecheap,,,
3d3f9039-ee87-4da2-ae1d-980c91522f97,premolar.blackfriday,available,114.99,114.99,high,low,8,namesilo,,,09/08/2026 19:46
3cb0b898-76f0-454c-9273-ca6ab3341201,babies.blackfriday,available,114.99,114.99,high,low,6,namesilo,,,
f9e73bf6-76cf-487e-87cc-b0d123703459,almagrib.blackfriday,available,114.99,114.99,medium,low,9,namesilo,,,24/08/2026 16:25
41f451d5-5eaf-4f48-88b5-d021cd5759f1,faculty.blackfriday,available,103.7,103.7,high,low,7,spaceship,,,28/09/2026 09:44
31a60d2f-f444-4f91-b69b-f6eba94ef512,optative.blackfriday,available,114.99,114.99,medium,low,8,namesilo,,,04/09/2026 16:54
4862636e-d523-44df-a2f3-42db08e06b91,arcus.blackfriday,available,114.99,114.99,high,low,5,namesilo,,,20/09/2026 03:02
2ca03c41-fb63-459a-b9d6-2e523ff364a2,mentor.blackfriday,available,134.98,,high,low,6,namecheap,,,
dd1ff318-ae33-4a45-9421-771b76ec1165,revive.blackfriday,available,114.99,114.99,high,low,6,namesilo,,,29/09/2026 02:45
b3bcf706-86de-4b1f-8cdb-8c3ae58d38c0,sheepish.blackfriday,available,114.99,114.99,high,medium,8,namesilo,,,10/09/2026 06:19
5605d12a-4242-4c51-a3af-addf3398f0ba,listless.blackfriday,available,114.99,114.99,medium,low,8,namesilo,,,14/08/2026 12:00
bceddfea-9592-42bd-adee-b4f8ec030962,fun.blackfriday,premium,310.7,310.7,high,medium,3,spaceship,,,30/09/2026 00:02
8fa2b7f1-72be-4b16-af77-55ba77723677,aliveness.blackfriday,available,114.99,114.99,high,low,9,namesilo,,,18/09/2026 08:09
3171c327-949d-41d4-baa8-fc64cb4f0f7c,mongolian.blackfriday,available,114.99,114.99,high,low,9,namesilo,,,25/08/2026 04:47
b1b06b64-dbe5-4ada-827b-affe21f86bf9,midway.blackfriday,available,114.99,114.99,high,low,6,namesilo,,,11/08/2026 23:58
09a39801-b779-4e1e-a9f8-401df4dd2307,recycling.blackfriday,available,128.98,134.98,high,low,9,namecheap,,,28/09/2026 20:17
22194e73-d250-4879-bfd8-be346334f2a9,beefcake.blackfriday,available,114.99,114.99,high,low,8,namesilo,,,23/09/2026 01:06
94ea0a6d-297c-49e0-830a-0a85c7f82854,amiens.blackfriday,available,103.7,103.7,medium,low,6,spaceship,,,29/09/2026 04:12
11f9b07a-daac-4246-b333-af7cfb87dc3c,magicians.blackfriday,available,128.98,134.98,medium,low,9,namecheap,,,20/09/2026 20:54
118d3432-62e4-4a43-a9f9-68797d6f9e5a,audience.blackfriday,available,128.98,134.98,high,low,8,namecheap,,,21/09/2026 02:53
f51e39f8-2fd9-44c2-9678-5b32bfaf17f4,flesh.blackfriday,available,114.99,114.99,high,low,5,namesilo,,,25/09/2026 21:58
eff0da04-1e26-49c5-ab53-383b946c99a5,copasetic.blackfriday,available,114.99,114.99,medium,low,9,namesilo,,,13/08/2026 00:20
0f716501-e98d-41c2-838e-6dd6309653fb,hatch.blackfriday,available,114.99,114.99,high,low,5,namesilo,,,27/09/2026 03:37
a3935663-ae9f-4e3a-aac0-b01303a99c2f,depends.blackfriday,available,128.98,134.98,medium,low,7,namecheap,,,25/09/2026 20:36
f27c5c88-01c5-49b5-a410-8263999e230c,lengths.blackfriday,available,114.99,114.99,low,low,7,namesilo,,,29/09/2026 05:45
418d2a57-604c-4aac-be20-aa370b0000eb,addable.blackfriday,available,114.99,114.99,medium,low,7,namesilo,,,
1f6a353b-7c3b-423e-993d-2cc21e20d5e3,source.blackfriday,available,128.98,134.98,high,medium,6,namecheap,,,25/09/2026 22:58
3d4835ba-2855-4e01-beac-7b72908496e5,donaldson.blackfriday,available,114.99,114.99,medium,low,9,namesilo,,,27/09/2026 01:45
4b1872a6-7b2a-4f54-8fb9-83ccc65fd1f4,rococo.blackfriday,available,128.98,134.98,high,low,6,namecheap,,,09/09/2026 18:12
2755650b-5e2f-4530-a50d-cb6e74bed48c,akko.blackfriday,available,114.99,114.99,high,low,4,namesilo,,,16/09/2026 22:23
0746e0c1-3414-46e9-a291-9566b365baac,dresser.blackfriday,available,114.99,114.99,high,low,7,namesilo,,,17/09/2026 05:17
8cb20aef-7d63-4f45-9aea-4dbd1efb447f,bowing.blackfriday,available,114.99,114.99,high,medium,6,namesilo,,,10/08/2026 23:25
fa5d391e-f4f1-48b7-84d5-99ae521c9ab2,zymotic.blackfriday,available,114.99,114.99,medium,low,7,namesilo,,,13/09/2026 15:57
9fb9d93a-8fa0-4973-8285-53825e199db2,emptiness.blackfriday,available,103.7,103.7,medium,low,9,spaceship,,,29/09/2026 18:45
6dcb19da-91d4-4157-b9b8-f8234a3617ea,voodoo.blackfriday,available,103.7,103.7,high,low,6,spaceship,,,29/09/2026 00:55
70753856-593d-475f-8335-fd5489f1e828,mistreat.blackfriday,available,128.98,134.98,medium,low,8,namecheap,,,16/09/2026 19:06
f97c0f7f-d6e5-4487-840e-c9af83869b72,libber.blackfriday,available,114.99,114.99,medium,low,6,namesilo,,,18/08/2026 01:03
f8b594c9-0a69-4edf-9a39-f91a31d5a9fe,loquacious.blackfriday,available,114.99,114.99,medium,low,10,namesilo,,,12/08/2026 03:22
a5805ee6-7b53-45d4-ae54-99fdd67e3224,pervasive.blackfriday,available,114.99,114.99,high,low,9,namesilo,,,08/09/2026 17:44
21943e31-c7ff-4227-b20b-0ea3df5f4a28,gift.blackfriday,available,114.99,114.99,high,low,4,namesilo,,,24/09/2026 22:20
1653262d-045c-48d7-b821-1da2fb69e778,hides.blackfriday,available,128.98,134.98,medium,low,5,namecheap,,,18/09/2026 23:59
56c41385-e37f-4552-9dd3-385f2b998112,province.blackfriday,available,114.99,114.99,high,low,8,namesilo,,,
feb50801-0f1d-447b-9dec-c065d1730649,natalia.blackfriday,available,114.99,114.99,medium,low,7,namesilo,,,29/09/2026 04:04
933cc2ca-4c02-48bf-a8f0-3311d7c2a9ec,absolution.blackfriday,available,128.98,134.98,high,low,10,namecheap,,,16/09/2026 17:57
e63f75f0-32a6-45d5-9c76-a3c6e23d42ea,clermont.blackfriday,available,114.99,114.99,medium,low,8,namesilo,,,28/09/2026 22:20
fa0182bb-6f70-4fce-9ad2-6526f69d2e93,merry.blackfriday,available,114.99,114.99,high,low,5,namesilo,,,11/08/2026 04:28
1386e3fe-7ee9-4547-af56-82b5d4cdf5a8,waterborne.blackfriday,available,114.99,114.99,medium,low,10,namesilo,,,13/09/2026 08:36
6a6d84c8-ab7b-4b59-b201-1b47af0f97fa,idiopathic.blackfriday,available,128.98,134.98,medium,low,10,namecheap,,,21/08/2026 18:09
dfb4fe6f-0de4-4121-bd10-829d0a21d645,dump.blackfriday,available,114.99,114.99,high,low,4,namesilo,,,25/09/2026 05:01
22a4ecab-359b-4fac-8eb1-6ae64ea49933,envy.blackfriday,available,114.99,114.99,high,low,4,namesilo,,,28/09/2026 05:36
24997ec1-6e44-41ea-9ec4-bbd8f020a1c0,midwestern.blackfriday,available,114.99,114.99,high,low,10,namesilo,,,24/08/2026 22:41
e837f69c-91ad-42ea-b7e3-642b6d1208d8,blaze.blackfriday,available,114.99,114.99,high,low,5,namesilo,,,10/08/2026 13:51
730fd2e6-e808-4a34-a749-006714bed118,kearny.blackfriday,available,114.99,114.99,high,low,6,namesilo,,,29/09/2026 22:45
4e8dd654-c2d8-4b3c-9466-eeaf91dcbac7,stimulation.blackfriday,available,114.99,114.99,high,low,11,namesilo,,,29/09/2026 04:53
2a55a46f-54fa-4bd3-82b0-00a0853c859e,amiss.blackfriday,available,114.99,114.99,high,low,5,namesilo,,,
8862047e-d032-4b94-9f82-5ce3589fb48f,monatomic.blackfriday,available,114.99,114.99,medium,low,9,namesilo,,,25/08/2026 04:12
18239be4-58d2-4ea8-a847-4c3ca3fe9eb3,airlines.blackfriday,available,103.7,103.7,medium,low,8,spaceship,,,28/09/2026 17:53
73cb375b-6f9b-455f-99bb-8d4837253540,backyard.blackfriday,available,299.99,299.99,high,low,9,name.com,,,21/09/2026 16:22
3387ca23-2a30-4ef1-a87d-5465af4f48c9,spock.blackfriday,available,128.98,134.98,high,low,5,namecheap,,,23/09/2026 08:25
366fca79-2abf-4317-8909-1370fc55c5a0,blindness.blackfriday,available,103.7,103.7,high,low,9,spaceship,,,29/09/2026 17:58
d749af36-14e1-41f9-ad25-ca684607f7d3,boyfriend.blackfriday,available,114.99,114.99,high,low,9,namesilo,,,22/09/2026 21:55
ba3815de-e085-40e3-b4af-918c7b33f04d,ground.blackfriday,available,103.7,103.7,high,low,6,spaceship,,,29/09/2026 17:40
7ba44811-0d4b-4623-91a4-9d93381c0cf3,transforming.blackfriday,available,103.7,103.7,high,low,12,spaceship,,,29/09/2026 23:19
a17d20df-1e10-417a-b990-dcc1ca8d53f2,ballistics.blackfriday,available,114.99,114.99,high,low,10,namesilo,,,21/09/2026 22:57
0d6c3646-67bf-449d-91e8-0336e953a982,moribund.blackfriday,available,114.99,114.99,medium,low,8,namesilo,,,25/08/2026 06:31
875634e3-1605-48e3-899a-f1e0ae5d7a44,creativity.blackfriday,available,128.98,134.98,high,low,10,namecheap,,,24/09/2026 19:19
a01fc31d-80d4-4203-8bcd-dade5e1a35fb,attached.blackfriday,available,114.99,114.99,high,low,8,namesilo,,,
1d01c10f-8c13-4f0b-82e1-846a4a098f1c,tiddler.blackfriday,available,114.99,114.99,medium,low,7,namesilo,,,25/08/2026 00:10
5ff7a0fb-7a91-4767-b880-b5eb140785b6,haploid.blackfriday,available,114.99,114.99,medium,low,7,namesilo,,,20/08/2026 23:55
b46efbfb-48c4-41bd-be12-b9a27e01b440,letting.blackfriday,available,114.99,114.99,high,low,7,namesilo,,,09/09/2026 14:21
8930bb2e-ff5b-4c13-b723-dc91802b9c7f,diminutive.blackfriday,available,114.99,114.99,high,low,10,namesilo,,,08/08/2026 14:10
53c99c08-0644-47df-8666-a71f06c5df33,drowning.blackfriday,available,103.7,103.7,high,low,8,spaceship,,,27/09/2026 17:38
e79fa16a-f1f0-4f5c-ac94-c54201d31448,scramble.blackfriday,available,114.99,114.99,high,low,8,namesilo,,,24/09/2026 15:13
52096593-edcb-4dd3-8614-8ba19ec90910,regardless.blackfriday,available,114.99,114.99,high,low,10,namesilo,,,27/09/2026 11:13
064870aa-a381-43e4-aeac-a1da24465f34,partial.blackfriday,available,114.99,114.99,high,low,7,namesilo,,,08/09/2026 02:01
bd2ef6fb-79a1-47ba-81f5-fe36d0381ff6,relaxed.blackfriday,available,114.99,114.99,high,low,7,namesilo,,,09/09/2026 13:24
a5bcc2b0-30f4-4a80-aa26-214ff7dc8cf6,tilled.blackfriday,available,114.99,114.99,medium,low,6,namesilo,,,11/09/2026 15:57
636141bc-2bb5-4814-ac52-30ca61a28368,valueless.blackfriday,available,114.99,114.99,medium,low,9,namesilo,,,13/09/2026 01:01
557a49b7-e7ad-40db-9849-35a35cc12c39,beef.blackfriday,available,114.99,114.99,high,low,4,namesilo,,,23/09/2026 00:18
93169a64-2cf6-49ca-b6a6-ec6f9336bd19,pituitary.blackfriday,available,128.98,134.98,high,medium,9,namecheap,,,08/09/2026 20:08
a58c6e84-a8b8-4391-9297-89517528daa3,exiguous.blackfriday,available,114.99,114.99,medium,low,8,namesilo,,,17/08/2026 17:18
342dfaf9-b174-4fa2-84e7-e0903feed9da,jammed.blackfriday,available,114.99,114.99,medium,low,6,namesilo,,,22/08/2026 12:07
d877821d-4fca-49f4-9c93-fbd6d2784836,threatened.blackfriday,available,114.99,114.99,medium,low,10,namesilo,,,11/09/2026 14:13
8b251b2c-030a-4bd5-84ed-c5863ec648d9,effeminate.blackfriday,available,114.99,114.99,medium,low,10,namesilo,,,12/08/2026 08:34
6763b070-5e8b-4c1c-b05d-168d3ac871f1,miscreant.blackfriday,available,114.99,114.99,medium,low,9,namesilo,,,09/09/2026 14:38
5b22ab9f-dd7f-4aba-bbfc-776481ca33c9,alacrity.blackfriday,available,114.99,114.99,high,low,8,namesilo,,,18/09/2026 01:37
1b5ac959-b97a-4c61-81f0-4cf65b566a50,birder.blackfriday,available,128.98,134.98,high,low,6,namecheap,,,23/09/2026 20:38
4f32e52d-0ccf-4a0a-b4c2-00fb060de917,chord.blackfriday,available,114.99,114.99,high,low,5,namesilo,,,24/09/2026 14:47
da19142a-1b8a-4b4e-8b22-8657ceb8024e,dee.blackfriday,premium,310.7,310.7,high,low,3,spaceship,,,28/09/2026 03:28
2db1cc5d-8d3a-4945-9e0e-e9d3ec2a77a2,duncan.blackfriday,available,114.99,114.99,high,low,6,namesilo,,,25/09/2026 05:02
42f0bfd1-b101-41ac-98ba-1e1ff89eda88,dainty.blackfriday,available,299.99,299.99,high,low,6,name.com,,,13/08/2026 15:40
f91e3894-f679-4c78-82b1-0ac87633460a,oder.blackfriday,available,128.98,134.98,medium,low,4,namecheap,,,28/09/2026 20:01
1aba30d1-8ae6-4778-96d8-0562e67b85bf,branding.blackfriday,available,114.99,114.99,high,low,8,namesilo,,,24/09/2026 08:11
35b02f00-10ca-4a1a-b9a0-bfe995c00f20,promotes.blackfriday,available,114.99,114.99,medium,low,8,namesilo,,,16/09/2026 11:54
a51250d7-bd37-411a-9a0d-2de4373ea715,cruciform.blackfriday,available,114.99,114.99,medium,low,9,namesilo,,,13/08/2026 08:42
0187a44e-3816-49a9-b1f3-16e91660ab1f,rimed.blackfriday,available,114.99,114.99,medium,low,5,namesilo,,,09/09/2026 17:39
818a15ef-21f6-499b-b0ff-cb7cd19be314,baseborn.blackfriday,available,114.99,114.99,low,low,8,namesilo,,,08/08/2026 21:34
94faeb64-90bf-41b3-b28b-4953bc5444dd,paraffin.blackfriday,available,114.99,114.99,high,low,8,namesilo,,,18/09/2026 08:24
fab05648-988e-4921-b9c5-510529c690cd,reactivity.blackfriday,available,103.7,103.7,high,low,10,spaceship,,,29/09/2026 20:07
4533bbe8-1b4e-46c5-b004-3cb2c59b8cf6,abstracted.blackfriday,available,114.99,114.99,medium,low,10,namesilo,,,
78128db6-b70b-4980-9b29-c33725b491b5,evince.blackfriday,available,114.99,114.99,high,low,6,namesilo,,,17/08/2026 18:43
96103e80-403f-4fae-a45d-bc3eb0a4dec8,sousaphone.blackfriday,available,128.98,134.98,medium,low,10,namecheap,,,22/09/2026 11:51
3c8f23e8-34c5-465a-a523-7b7a7cfc42bc,deployment.blackfriday,available,114.99,114.99,high,low,10,namesilo,,,29/09/2026 18:37
1db776dc-3a80-4657-af7a-4114ad7928b7,symmetric.blackfriday,available,114.99,114.99,high,low,9,namesilo,,,11/09/2026 06:03
4bb22bcf-b51e-46d8-9f14-8648c4ec3174,scratched.blackfriday,available,114.99,114.99,high,low,9,namesilo,,,
618c49c4-7e22-407b-8196-2798892ef3b1,mosquito.blackfriday,available,134.98,,medium,low,8,namecheap,,,
94658183-7690-4c8c-8b92-987f9d48bfa5,passes.blackfriday,available,114.99,114.99,high,low,6,namesilo,,,27/09/2026 02:49
e412ab00-d701-4337-9631-ab5807e1b4ee,detergent.blackfriday,available,114.99,114.99,high,low,9,namesilo,,,24/09/2026 07:32
e5ef1d85-15d7-47f9-88e6-9420b5f6eed2,beagle.blackfriday,available,128.98,134.98,high,low,6,namecheap,,,22/09/2026 19:37
4ba30728-1a5d-47f6-b4bb-a021b5a3adfd,huffy.blackfriday,available,114.99,114.99,medium,low,5,namesilo,,,21/08/2026 14:40
09486d6b-d595-427b-a867-f50a45841b9a,emerald.blackfriday,available,128.98,134.98,high,low,7,namecheap,,,28/09/2026 19:05
7bdb3181-dd0a-40e6-8c78-766420158670,freeborn.blackfriday,available,114.99,114.99,medium,low,8,namesilo,,,18/08/2026 14:53
6eb358d1-8e6e-4b8d-9710-0c8e722534d8,arctic.blackfriday,available,114.99,114.99,high,low,6,namesilo,,,06/08/2026 16:07
83654f80-fa56-4413-95e9-7d41341937b8,glaswegian.blackfriday,available,114.99,114.99,high,low,10,namesilo,,,20/08/2026 14:14
8a9dd8ea-6d2c-4926-a205-61874edae563,heretofore.blackfriday,available,114.99,114.99,medium,low,10,namesilo,,,13/09/2026 21:50
71c377c7-2e0d-44f6-ac4e-6d4dfdb9b661,provided.blackfriday,available,114.99,114.99,medium,low,8,namesilo,,,16/09/2026 09:17
66c28d3b-934a-4bac-b30d-12d4055eeaf8,blest.blackfriday,available,114.99,114.99,high,low,5,namesilo,,,10/08/2026 14:15
d05e5605-2160-449d-87b4-0c4b176bc6d6,boy.blackfriday,premium,384,384,high,low,3,namesilo,,,29/09/2026 03:52
85ecc190-7450-4737-a274-fe458b361cdf,acapnia.blackfriday,available,128.98,134.98,high,low,7,namecheap,,,16/09/2026 21:08
d1bd8646-c856-4c96-883b-042784445794,lodi.blackfriday,available,114.99,114.99,medium,low,4,namesilo,,,29/09/2026 15:13
1b44c9a4-9972-4bab-98a5-be000ceff04b,quitting.blackfriday,available,114.99,114.99,medium,low,8,namesilo,,,17/09/2026 01:45
cfbbfa21-faeb-4070-800f-9710dbc9062e,bibulous.blackfriday,available,128.98,134.98,low,low,8,namecheap,,,09/08/2026 18:58
066ffe9a-5bfe-4c48-b2e3-d2d3d596d21e,scarface.blackfriday,available,107.22,107.22,medium,low,8,dynadot,,,28/09/2026 19:51
26160f8a-1988-48e5-9a64-bcd3dd2e1d83,bluff.blackfriday,available,114.99,114.99,high,low,5,namesilo,,,10/08/2026 16:13
1c5b570b-b466-4576-b44b-ad406363fcaf,adherence.blackfriday,available,114.99,114.99,high,low,9,namesilo,,,17/09/2026 07:58
edc975bb-e204-489a-a7ff-9867c2166dff,compute.blackfriday,available,114.99,114.99,high,low,7,namesilo,,,19/09/2026 14:03
376b922c-c1e2-4790-9adc-a4d288d5645a,ooze.blackfriday,available,114.99,114.99,high,low,4,namesilo,,,04/09/2026 15:40
b8c9fec1-e737-4872-a256-32d858ca14c7,mileage.blackfriday,available,107.22,107.22,high,low,7,dynadot,,,29/09/2026 12:25
68299065-4be8-411b-82b0-ba4d110a74f1,deletion.blackfriday,available,128.98,134.98,high,low,8,namecheap,,,24/09/2026 21:34
54844a45-7b6f-4cfd-816c-99a79e8f2a50,studios.blackfriday,available,128.98,134.98,high,low,7,namecheap,,,18/09/2026 18:25
9252f570-f364-4cc4-9223-245dc2762ce8,beeswax.blackfriday,available,114.99,114.99,high,low,7,namesilo,,,23/09/2026 01:48
7c71090c-cf65-420a-bfe1-e5b337b2f27c,obedient.blackfriday,available,114.99,114.99,high,low,8,namesilo,,,03/09/2026 23:30
36cd7512-8693-4f2c-aba0-5753852805e8,unlikely.blackfriday,available,114.99,114.99,high,low,8,namesilo,,,21/08/2026 23:08
10ce1bb7-eb4c-4b9d-b9fb-c30724a2022e,supernatural.blackfriday,available,114.99,114.99,high,low,12,namesilo,,,
bea4754d-9bc3-4e46-8c6f-2614efa8d20e,sighted.blackfriday,available,114.99,114.99,high,low,7,namesilo,,,27/09/2026 21:56
abab4b07-e3ec-4c3d-a2c5-25f4a13a4d00,uplifted.blackfriday,available,114.99,114.99,high,low,8,namesilo,,,12/09/2026 23:11
950a24b4-675a-43dd-b234-1ae0c9a146dd,portion.blackfriday,available,128.98,134.98,high,low,7,namecheap,,,15/09/2026 19:05
85ecf9f8-52b1-4d87-ae46-e32d3254c7d2,neonate.blackfriday,available,114.99,114.99,medium,low,7,namesilo,,,03/09/2026 16:44
c3971ad1-89d9-4324-b0ec-cc063ffcf564,utilized.blackfriday,available,114.99,114.99,medium,low,8,namesilo,,,13/09/2026 00:05
0e237e33-6865-42bc-a590-dc82fcb2f708,telescopic.blackfriday,available,114.99,114.99,medium,low,10,namesilo,,,11/09/2026 10:24
1bbeba30-e853-4c9f-ae3e-7f0c7332fed2,auditor.blackfriday,available,128.98,134.98,high,low,7,namecheap,,,21/09/2026 01:32
8ea3e10f-d798-4985-b001-0754f9b34ed7,iain.blackfriday,available,103.5,103.5,high,low,4,porkbun,,,29/09/2026 15:22
caa0e48c-f6c6-4860-9c46-b18f0d2b7bd8,instant.blackfriday,available,128.98,134.98,high,medium,7,namecheap,,,24/09/2026 02:22
37ca0e5c-2994-4b38-a541-8b92c51ec0a9,mme.blackfriday,premium,384,384,high,low,3,namesilo,,,29/09/2026 03:05
845e8a85-0e7e-4e8f-8d25-8163420418be,exploded.blackfriday,available,128.98,134.98,medium,low,8,namecheap,,,17/08/2026 18:28
ff6e3d07-b6a0-4b94-9e7c-ad79c561ddb6,skanky.blackfriday,available,114.99,114.99,medium,low,6,namesilo,,,14/08/2026 10:49
3c6210b1-0574-4b95-a5c2-1d796b321beb,skyline.blackfriday,available,128.98,134.98,high,low,7,namecheap,,,19/09/2026 20:18
4957ecec-5d13-4c5c-ab94-744a7b005da3,untrusty.blackfriday,available,114.99,114.99,medium,low,8,namesilo,,,12/09/2026 21:46
3199f855-16ad-4226-8ed9-486ed15d7ca1,busily.blackfriday,available,114.99,114.99,medium,low,6,namesilo,,,14/09/2026 01:53
d1867615-939d-4971-925b-7df418557194,frost.blackfriday,available,114.99,114.99,high,low,5,namesilo,,,21/08/2026 10:05
311b53e2-9a8d-4abf-a297-4a5b5261412b,mcdonnell.blackfriday,available,114.99,114.99,medium,low,9,namesilo,,,27/09/2026 02:55
79757dfb-9cc5-4080-8dde-6445bb761fb9,belling.blackfriday,available,114.99,114.99,medium,low,7,namesilo,,,23/09/2026 06:11
a73b3b36-208a-41e3-935e-93abd40bb761,maturely.blackfriday,available,114.99,114.99,medium,low,8,namesilo,,,15/09/2026 13:40
8a82c4bf-7ef8-497e-9af6-4e5b5f63a4d4,willingness.blackfriday,available,114.99,114.99,high,low,11,namesilo,,,
7a4e1410-4a64-41f1-8652-23f986952423,occupy.blackfriday,available,128.98,134.98,high,low,6,namecheap,,,23/09/2026 12:12
dd586adf-a6e4-4b08-b496-c176ef04757c,implicit.blackfriday,available,114.99,114.99,high,low,8,namesilo,,,21/08/2026 22:37
39dca726-b59f-454b-9f6d-abf58494e6e3,extropic.blackfriday,available,114.99,114.99,medium,low,8,namesilo,,,17/08/2026 19:38
2bdfb2d6-cefa-4446-b9cf-73dc6ec6fc7d,wong.blackfriday,available,114.99,114.99,high,low,4,namesilo,,,26/09/2026 03:13
7db625db-f14e-48dc-b6d9-74bd57087f33,tuba.blackfriday,available,114.99,114.99,high,low,4,namesilo,,,22/09/2026 11:52
a7c77aab-5630-4a5f-8613-2f9d1e019e2b,chapel.blackfriday,available,199.99,199.99,high,low,6,godaddy,,,28/09/2026 01:39
dbf6fb4f-6e58-4359-9166-522171ff9e73,polygons.blackfriday,available,103.7,103.7,medium,low,8,spaceship,,,29/09/2026 17:57
5214f783-4444-4cd5-bda1-1b5f2369585b,recipe.blackfriday,available,114.99,114.99,high,low,6,namesilo,,,
8e9a8cec-1832-4aad-94e3-421d64d2e549,wilsonian.blackfriday,available,114.99,114.99,high,low,9,namesilo,,,13/09/2026 12:02
9807cc16-5135-4c9a-bc86-07e3473ef5ad,laurent.blackfriday,available,114.99,114.99,medium,low,7,namesilo,,,27/09/2026 09:55
1744a01c-d4ff-4cac-a467-06ae308dc6fb,communal.blackfriday,available,114.99,114.99,high,low,8,namesilo,,,23/09/2026 16:10
20c4496e-3ce3-48ae-a162-b1b79891c20d,exclusively.blackfriday,available,114.99,114.99,high,low,11,namesilo,,,
f5464ed8-36ed-40cc-92d8-cfd4d90855f6,baseless.blackfriday,available,114.99,114.99,medium,low,8,namesilo,,,08/08/2026 21:44
4915b890-e1db-486b-854d-9c491d2fd569,mcgraw.blackfriday,available,103.7,103.7,medium,low,6,spaceship,,,28/09/2026 06:05
f69eadd9-9abe-480c-9223-6382c715d772,swagger.blackfriday,available,114.99,114.99,high,low,7,namesilo,,,11/09/2026 04:59
59f62918-f508-45e2-ad6a-08892dd111a0,acetal.blackfriday,available,128.98,134.98,medium,low,6,namecheap,,,16/09/2026 23:47
0a7f8861-f3c8-4514-a20d-9c2b68266f4d,oversee.blackfriday,available,114.99,114.99,high,low,7,namesilo,,,
3885e3ab-7af0-48c6-bf71-a0c35218d213,victor.blackfriday,available,114.99,114.99,high,medium,6,namesilo,,,
fcbfe648-6851-4c31-a33e-6cf3a4313c4c,securities.blackfriday,available,114.99,114.99,medium,low,10,namesilo,,,29/09/2026 22:51
4d1c90a0-6d23-4029-a6f3-9947a23df4ce,release.blackfriday,available,128.98,134.98,high,low,7,namecheap,,,24/09/2026 21:38
254c4eb3-ecd5-486b-9ab1-097c4e12e91c,defile.blackfriday,available,114.99,114.99,medium,low,6,namesilo,,,24/08/2026 12:53
639f693b-9c18-4f51-b9f0-98ef018ac58c,gratuitous.blackfriday,available,114.99,114.99,high,low,10,namesilo,,,13/08/2026 03:14
c9047664-0756-40f6-b5be-faa53b2a6e10,jerking.blackfriday,available,114.99,114.99,high,low,7,namesilo,,,06/08/2026 21:58
1609bfb0-6a2d-482e-bc81-fef59d4b77cf,asymmetric.blackfriday,available,114.99,114.99,medium,low,10,namesilo,,,07/08/2026 10:25
c0c1b40b-c73d-4561-acd4-82d9277e0e8d,probable.blackfriday,available,114.99,114.99,high,low,8,namesilo,,,27/09/2026 06:59
5b147810-de62-4c24-ae76-84d1ce62d0d6,calender.blackfriday,available,114.99,114.99,high,low,8,namesilo,,,29/09/2026 05:50
791604af-901e-4e88-84bd-02df8aa51f93,aid.blackfriday,premium,390,390,high,low,3,namecheap,,,28/09/2026 02:16
4590d086-1c5f-4e8a-b0d3-6d356af9d39c,identifier.blackfriday,available,103.7,103.7,high,low,10,spaceship,,,29/09/2026 23:29
f342307b-8a1d-4590-a152-053c62f3b185,austerlitz.blackfriday,available,114.99,114.99,medium,low,10,namesilo,,,21/09/2026 04:41
5187abb9-501e-472d-aab6-2c13a10e105b,slimy.blackfriday,available,114.99,114.99,medium,low,5,namesilo,,,14/08/2026 04:03
05429aa3-3cbd-4200-9329-62bb5a82dccd,pegs.blackfriday,available,128.98,134.98,medium,low,4,namecheap,,,20/09/2026 09:49
e1f5b16e-8f85-4801-9b14-f6afc6db2b68,alkalinity.blackfriday,available,128.98,134.98,high,low,10,namecheap,,,18/09/2026 08:19
a3dacf03-a9c5-4ea2-ae66-8d01cd46c86f,playable.blackfriday,available,128.98,134.98,high,low,8,namecheap,,,08/09/2026 20:57
5a8b9eab-5d88-409d-a023-ffaf25fe3096,annelid.blackfriday,available,114.99,114.99,medium,low,7,namesilo,,,
0e209714-4225-4867-9af5-c063bec19494,biophysics.blackfriday,available,128.98,134.98,high,low,10,namecheap,,,23/09/2026 18:50
96c6ac1f-1b2d-4eee-8ce0-74252a9318c4,hostel.blackfriday,available,114.99,114.99,high,low,6,namesilo,,,21/09/2026 02:25
00c04fe9-bf7d-4950-858d-30b581235cbb,vince.blackfriday,available,128.98,134.98,high,low,5,namecheap,,,27/09/2026 07:24
b0bf60be-43f4-4083-a7cf-24296a2a5d62,partisan.blackfriday,available,114.99,114.99,high,low,8,namesilo,,,08/09/2026 02:07
5b9c8c2e-689c-412a-bc83-83fe7083ab1c,eyelike.blackfriday,available,128.98,134.98,medium,low,7,namecheap,,,17/08/2026 20:04
8c55c529-12fd-4bac-a9ce-313d7f372b4d,productivity.blackfriday,available,103.7,103.7,high,low,12,spaceship,,,29/09/2026 23:18
93eec772-9ce6-4b6b-b6ba-6f8952364b16,dio.blackfriday,premium,384,384,high,low,3,namesilo,,,29/09/2026 09:47
6f1905cf-1d92-43f9-8b09-df3d41fb9435,migrator.blackfriday,available,114.99,114.99,medium,low,8,namesilo,,,24/08/2026 22:51
4581fa91-1d79-4652-aaff-2cd6ae906ebd,cyrillic.blackfriday,available,299.99,299.99,medium,low,8,name.com,,,13/08/2026 14:33
1e292b3d-d974-4094-a396-5d062a04407a,flex.blackfriday,available,114.99,114.99,high,medium,4,namesilo,,,23/09/2026 07:41
6d174ff0-54a4-4321-8f92-fff5099d4940,anaphor.blackfriday,available,114.99,114.99,medium,low,7,namesilo,,,19/09/2026 02:12
b0b3b59c-6f03-48cf-b1ff-a3c62c9930d2,addible.blackfriday,available,114.99,114.99,medium,low,7,namesilo,,,
aae3cc68-9373-4456-a787-085b07f9ba50,spate.blackfriday,available,114.99,114.99,high,low,5,namesilo,,,25/08/2026 00:44
008cb5f6-8cb9-4098-bdf6-532fb184e124,tanker.blackfriday,available,103.7,103.7,high,low,6,spaceship,,,29/09/2026 07:46
bc69e38c-c197-4a3e-b88e-fbc6f7f967b6,canorous.blackfriday,available,114.99,114.99,medium,low,8,namesilo,,,11/08/2026 17:35
6a65d1b7-eb11-46cf-9c6c-61d79285f2d8,reflexed.blackfriday,available,114.99,114.99,high,medium,8,namesilo,,,09/09/2026 12:41
4857ee28-5985-40e9-8ad1-3159cbc3a2eb,apus.blackfriday,available,114.99,114.99,medium,low,4,namesilo,,,19/09/2026 22:43
e9f5e9ac-f188-4a9a-abfe-14193db07ed2,aflutter.blackfriday,available,114.99,114.99,medium,low,8,namesilo,,,
e30b09b7-17b6-4369-a550-4a422f24e37c,daft.blackfriday,available,114.99,114.99,high,low,4,namesilo,,,06/08/2026 20:50
afb23820-5fc4-4165-a867-90739a27c5b7,ways.blackfriday,available,114.99,114.99,high,low,4,namesilo,,,
28b87dc9-f8a8-4fbb-aa8f-88393bcbb930,destructive.blackfriday,available,134.98,,medium,low,11,namecheap,,,
1494e051-5de1-4bf2-ae4d-97993ec26165,own.blackfriday,premium,384,384,high,high,3,namesilo,,,26/09/2026 03:33
577290dd-f248-42d6-8067-09235eafec31,cuts.blackfriday,available,114.99,114.99,high,low,4,namesilo,,,19/09/2026 00:14
c72ad43b-0a75-4ce2-a290-73b13fcf5068,ankara.blackfriday,available,114.99,114.99,high,low,6,namesilo,,,19/09/2026 07:05
276ad495-5905-4f01-ac3a-8550de25e36f,applying.blackfriday,available,103.7,103.7,medium,low,8,spaceship,,,28/09/2026 17:22
ffe998bc-a5f2-4b09-96c7-7bfc273a7f20,rickety.blackfriday,available,299.99,299.99,medium,low,7,name.com,,,13/08/2026 20:34
868287a6-f08c-428d-b061-251f9b1f45c4,merely.blackfriday,available,114.99,114.99,medium,low,6,namesilo,,,25/09/2026 12:17
f3f41b2a-b656-4a81-9e70-a8e275d1e95e,pennies.blackfriday,available,114.99,114.99,medium,low,7,namesilo,,,
e3c01060-56a5-4e5e-aeca-7a1570df2673,sylvia.blackfriday,available,103.7,103.7,high,low,6,spaceship,,,27/09/2026 19:08
fc9d8f8d-7faf-445c-b56f-55584607d9eb,rebuild.blackfriday,available,103.7,103.7,high,low,7,spaceship,,,28/09/2026 06:58
52c69f75-faf9-4f52-912a-bb40fe631376,rainproof.blackfriday,available,114.99,114.99,high,medium,9,namesilo,,,09/09/2026 09:47
b7d7f11b-d14c-4285-97ff-a80266fe2e20,abraham.blackfriday,available,114.99,114.99,high,low,7,namesilo,,,16/09/2026 16:50
c6bf9e8b-372f-4956-9521-3cbd8653ad7a,mcdaniel.blackfriday,available,103.5,103.5,medium,low,8,porkbun,,,29/09/2026 04:34
23833cc1-10d4-43a8-b0b1-11c43298eb09,lol.blackfriday,premium,384,384,high,low,3,namesilo,,,
dbfeeeee-8c70-4121-be59-4b57b93c1265,jocund.blackfriday,available,114.99,114.99,medium,low,6,namesilo,,,22/08/2026 13:40
bee6900a-82c0-4484-b7e1-1f587f1b6b2a,whirr.blackfriday,available,114.99,114.99,medium,low,5,namesilo,,,13/09/2026 11:31
6cac0a30-ba6b-47e1-a2ed-c5fd46069416,queenlike.blackfriday,available,114.99,114.99,medium,low,9,namesilo,,,09/09/2026 07:54
06379c11-b313-41c4-9480-917d519bbb66,subtle.blackfriday,available,114.99,114.99,high,low,6,namesilo,,,28/09/2026 01:48
688d6443-4897-4498-a7b4-24ce5e2e2279,enate.blackfriday,available,128.98,134.98,medium,low,5,namecheap,,,16/08/2026 21:18
a00f0639-e35b-4a9a-8af1-2c561f09735f,lxxxviii.blackfriday,available,128.98,134.98,medium,low,8,namecheap,,,
e3b9885f-aaa8-4870-a381-019137b7d7d9,arauca.blackfriday,available,114.99,114.99,medium,low,6,namesilo,,,20/09/2026 00:22
07a25e93-8b9d-4b98-a7d2-7eab522d6ea9,britton.blackfriday,available,103.5,103.5,medium,low,7,porkbun,,,28/09/2026 12:10
d8fd092f-2974-4521-b86f-0a84e48262d7,winkler.blackfriday,available,114.99,114.99,high,low,7,namesilo,,,29/09/2026 03:40
c083b476-0241-4dbe-9dc8-bb0e44aa0730,charlestown.blackfriday,available,103.7,103.7,medium,low,11,spaceship,,,28/09/2026 12:26
7712dbb7-4521-456f-b5de-24b85d51eb05,bagdad.blackfriday,available,128.98,134.98,medium,low,6,namecheap,,,29/09/2026 00:26
79ca0db2-002f-40da-b46b-a2d703e0c2a2,videos.blackfriday,available,114.99,114.99,high,low,6,namesilo,,,28/09/2026 03:36
49536cd9-ca8d-4dec-a8d6-39acc5f6e3aa,declension.blackfriday,available,114.99,114.99,medium,low,10,namesilo,,,13/09/2026 13:21
21728bef-db84-4475-8c37-9906a8bf0fe3,balsamic.blackfriday,available,114.99,114.99,high,low,8,namesilo,,,22/09/2026 16:34
db866117-703e-4b6b-b5c8-987a864c50b7,extensive.blackfriday,available,128.98,134.98,medium,low,9,namecheap,,,
e35e125d-6d13-4bc2-8ff8-ea6d6e3fd4cd,zama.blackfriday,available,114.99,114.99,high,low,4,namesilo,,,22/09/2026 16:21
aa0f6b8a-8cfa-4cc5-908e-9551afbd338a,traveled.blackfriday,available,114.99,114.99,high,low,8,namesilo,,,28/09/2026 09:30
fc93c0e6-fd4b-43d0-9723-de617f7e1a80,anole.blackfriday,available,128.98,134.98,medium,low,5,namecheap,,,18/09/2026 19:28
4c1c1578-fe40-461f-89e7-f3f54ec27857,realise.blackfriday,available,128.98,134.98,high,low,7,namecheap,,,27/09/2026 16:29
c1d00924-26b9-44f5-80da-504ba7ed58bf,stria.blackfriday,available,114.99,114.99,medium,low,5,namesilo,,,22/09/2026 01:18
d38a0461-684f-40f5-9ca1-ba145c139c81,nobelium.blackfriday,available,114.99,114.99,medium,low,8,namesilo,,,20/09/2026 21:58
c9f02a2d-4c06-4b2a-9b94-e207e8ea53c5,investment.blackfriday,available,107.22,107.22,high,low,10,dynadot,,,28/09/2026 22:07
6d3df81c-1928-4206-b0dc-b14306632b2c,fishtail.blackfriday,available,114.99,114.99,medium,low,9,namesilo,,,
666fbd21-1543-45ac-ae1c-d3f29d6d9083,nerves.blackfriday,available,128.98,134.98,high,low,6,namecheap,,,27/09/2026 04:51
c7d1749a-2f40-462e-8db6-cce7f15b2dd8,parliament.blackfriday,available,103.7,103.7,high,low,10,spaceship,,,29/09/2026 07:49
363e7fa2-be25-488b-9751-21c32ceeae8d,submissive.blackfriday,available,114.99,114.99,medium,low,10,namesilo,,,11/09/2026 00:25
17cd3f42-c97e-4c49-ab65-3e1544bb7626,donor.blackfriday,available,299.99,299.99,high,low,5,name.com,,,23/09/2026 10:42
e018c81c-ad06-4faa-86b2-9a47bc1c20c4,sawtooth.blackfriday,available,114.99,114.99,medium,low,9,namesilo,,,
2dad5820-bc3f-4c82-932c-ef13482bb17e,diurnal.blackfriday,available,114.99,114.99,medium,low,7,namesilo,,,14/08/2026 13:34
4c191173-12f4-41b3-a5c3-7e57beee431c,cherubic.blackfriday,available,114.99,114.99,high,low,8,namesilo,,,12/08/2026 04:25
efab1255-4721-42d6-a261-1f190ae9ba8f,grinding.blackfriday,available,103.7,103.7,medium,low,8,spaceship,,,28/09/2026 19:23
e519f6d6-135a-4c9a-a704-f746407f1bf0,ado.blackfriday,premium,384,384,high,low,3,namesilo,,,17/09/2026 09:17
00015ecb-f8b8-49bc-a59b-b0ddab2c2a7f,blackseed.blackfriday,available,114.99,114.99,medium,low,9,namesilo,,,24/09/2026 03:00
605cd33e-dc47-4b3d-870b-f69c5c023180,militia.blackfriday,available,103.7,103.7,high,low,7,spaceship,,,29/09/2026 19:40
e22f1bde-66eb-463c-9ff2-19dec71f6977,fired.blackfriday,available,114.99,114.99,medium,low,5,namesilo,,,24/09/2026 11:05
345a8d38-32dc-4f9c-8806-4e97dee8eac5,german.blackfriday,available,114.99,114.99,high,low,6,namesilo,,,18/08/2026 22:44
44e015a3-005f-4c2c-9de3-9f8797d3b436,araxes.blackfriday,available,114.99,114.99,medium,low,6,namesilo,,,20/09/2026 00:19
aa9abb97-2309-49f2-9141-4608ed4b8ae1,swampy.blackfriday,available,114.99,114.99,medium,low,6,namesilo,,,10/08/2026 17:18
79e2a77d-6f99-4c6b-aa69-d3a73ab9d28d,apes.blackfriday,available,114.99,114.99,medium,low,4,namesilo,,,29/09/2026 04:59
636a9fd8-0890-406b-9bd5-4100248147b9,fit.blackfriday,premium,390,390,high,medium,3,namecheap,,,24/09/2026 18:48
8458e477-9e62-4808-b906-502d6037d4f0,yeller.blackfriday,available,114.99,114.99,medium,low,6,namesilo,,,22/09/2026 17:06
20680e24-8d26-484c-95f2-48cca7f4c040,abuse.blackfriday,available,,,high,low,5,,,,
809db5af-8e0a-451d-a1ad-f14b7a2bb142,formicary.blackfriday,available,128.98,134.98,medium,low,9,namecheap,,,19/09/2026 13:26
444d7f5b-0f9f-43ba-92ed-9cbd42624ae1,earnestly.blackfriday,available,114.99,114.99,high,low,9,namesilo,,,14/09/2026 14:58
cbd62b6f-5c43-4039-b82d-83e2e11a47ec,bewitch.blackfriday,available,114.99,114.99,high,low,7,namesilo,,,21/08/2026 07:41
25a69c49-fbf2-4a96-82af-a7a2500e27a0,hysteria.blackfriday,available,128.98,134.98,high,low,8,namecheap,,,24/09/2026 21:43
a700b84f-abfc-47ba-89c6-d950ec55c764,admitting.blackfriday,available,103.7,103.7,medium,low,9,spaceship,,,28/09/2026 20:58
625c4f5d-da6b-491a-9988-f0c2b10abc63,butchery.blackfriday,available,114.99,114.99,medium,low,8,namesilo,,,16/09/2026 14:16
66672088-2b6a-49e0-b86e-6e1a16c397be,antagonist.blackfriday,available,114.99,114.99,high,low,10,namesilo,,,17/09/2026 10:48
8fb02d16-dfb1-4aae-aa56-b7181a633609,thinks.blackfriday,available,114.99,114.99,high,low,6,namesilo,,,18/09/2026 15:23
b27648ab-43bc-4d7b-9859-31aa708efdd2,biaxal.blackfriday,available,114.99,114.99,medium,low,6,namesilo,,,09/08/2026 18:46
2e0d33cb-146c-4562-b3f7-b2882c4f4df9,incisive.blackfriday,available,114.99,114.99,high,low,8,namesilo,,,22/08/2026 01:21
e404fde9-010b-4d1d-9d0d-9ba22ff63541,webs.blackfriday,available,114.99,114.99,high,low,4,namesilo,,,20/09/2026 10:33
38b5f9b1-cd38-41bd-8510-af49efc93a16,torino.blackfriday,available,103.7,103.7,high,low,6,spaceship,,,29/09/2026 02:19
0479172f-4c9a-468f-9e9e-bfcdd61a9307,blackish.blackfriday,available,114.99,114.99,medium,low,8,namesilo,,,10/08/2026 12:03
4f753c37-0ffc-446e-8364-4f07ac025d1c,lance.blackfriday,available,103.7,103.7,high,low,5,spaceship,,,28/09/2026 05:44
b3fbfa5d-1c89-4add-9040-f1c8a21aae82,degage.blackfriday,available,114.99,114.99,medium,low,6,namesilo,,,13/08/2026 23:57
ed704d39-af78-4d59-9f0a-a72d2211f3de,truelove.blackfriday,available,114.99,114.99,high,low,8,namesilo,,,10/09/2026 19:36
29faaeb0-32e5-4da2-a54b-62f5f95232e0,exits.blackfriday,available,128.98,134.98,medium,low,5,namecheap,,,28/09/2026 17:05
705f881d-189e-4261-beae-38e94803dedc,prisoner.blackfriday,available,128.98,134.98,high,low,8,namecheap,,,11/08/2026 18:26
74a5e83b-68e2-4fff-abf4-76dba3a47b03,sidereal.blackfriday,available,114.99,114.99,high,medium,8,namesilo,,,10/09/2026 07:46
5bace536-6943-4b09-9ea7-f68edf485b9a,zag.blackfriday,premium,384,384,high,low,3,namesilo,,,13/09/2026 15:17
41a8b0e2-e473-420b-a984-9b1952752cc6,radial.blackfriday,available,114.99,114.99,high,low,6,namesilo,,,09/09/2026 09:30
c5ef24f9-7d92-4176-a012-c0d1d2eb6a1b,moot.blackfriday,available,114.99,114.99,high,low,4,namesilo,,,14/08/2026 00:31
8135f8e3-7cb4-4753-b69a-e3acdd906ac5,deerfield.blackfriday,available,103.7,103.7,high,low,9,spaceship,,,29/09/2026 10:06
1a2eedc6-a968-4986-ba2a-4147549a4536,selfmade.blackfriday,available,114.99,114.99,high,low,9,namesilo,,,10/09/2026 02:03
158d2a82-9cc5-4531-9106-eb263941a47b,correctly.blackfriday,available,128.98,134.98,high,low,9,namecheap,,,13/09/2026 20:47
7b637808-89ad-4a9e-8ae2-58bac7e599bc,unhealthy.blackfriday,available,114.99,114.99,medium,low,9,namesilo,,,22/08/2026 06:24
a50b118a-889b-4b1a-a116-7f702da712b9,dortmund.blackfriday,available,103.7,103.7,high,low,8,spaceship,,,29/09/2026 18:41
af12d6b7-be3e-472b-99ea-3293bb44e03f,adaptation.blackfriday,available,114.99,114.99,high,low,10,namesilo,,,17/09/2026 06:27
1f497fd5-f5ca-48ad-acd8-9a9a965b9409,inflammation.blackfriday,available,114.99,114.99,medium,low,12,namesilo,,,29/09/2026 23:01
9280b470-d41b-4b92-ac09-90f9ee8c81bd,edamame.blackfriday,available,114.99,114.99,high,low,7,namesilo,,,20/09/2026 02:22
a3cd1228-b2aa-49aa-8749-0b706f04c625,mangonel.blackfriday,available,114.99,114.99,medium,low,8,namesilo,,,20/09/2026 00:37
e14e989c-3447-4b40-9dcf-16294470828a,bewitched.blackfriday,available,114.99,114.99,medium,low,9,namesilo,,,09/08/2026 18:17
b7dd7cef-5952-433f-8f9d-33643d595d26,exceptional.blackfriday,available,114.99,114.99,high,low,11,namesilo,,,28/09/2026 11:15
4125606c-eb56-4451-9870-edc79eeaf210,export.blackfriday,available,107.22,107.22,high,low,6,dynadot,,,29/09/2026 18:42
16fafa76-7a0d-47b6-bc30-7426ec68b12c,unlisted.blackfriday,available,114.99,114.99,high,low,8,namesilo,,,12/09/2026 14:55
450a15fc-d147-472c-9c0e-b5871e58bb04,cornflower.blackfriday,available,114.99,114.99,high,low,10,namesilo,,,21/09/2026 14:08
98df0b67-67eb-4a4e-860a-cbadf893ef10,untwisted.blackfriday,available,114.99,114.99,medium,low,9,namesilo,,,12/09/2026 21:56
638a586d-1d26-40e6-ac52-dec60b7a6781,sample.blackfriday,available,114.99,114.99,high,low,6,namesilo,,,25/09/2026 10:33
5b2a5c8e-8355-4bf9-9647-b3056f3de90e,numerous.blackfriday,available,114.99,114.99,high,low,8,namesilo,,,22/08/2026 23:01
413545c9-8ada-4055-a237-6a4efb6f4dda,compressed.blackfriday,available,128.98,134.98,high,low,10,namecheap,,,23/09/2026 18:05
d2c3a4a9-0a3d-4442-8ed5-df08cf359f1a,waiting.blackfriday,available,114.99,114.99,high,low,7,namesilo,,,27/09/2026 10:28
d5d7eed6-6d23-4df3-86aa-71b0f5ee13a5,bangla.blackfriday,available,114.99,114.99,high,low,6,namesilo,,,22/09/2026 01:51
4a221d33-373e-4c1c-a427-1e9ef7484031,stairs.blackfriday,available,114.99,114.99,high,low,6,namesilo,,,
97f0519d-fba3-4963-82ea-64fcf2a012e4,closes.blackfriday,available,128.98,134.98,medium,low,6,namecheap,,,28/09/2026 05:00
b1677e85-986b-414f-97f8-8f54e08af237,sissified.blackfriday,available,114.99,114.99,medium,low,9,namesilo,,,12/08/2026 08:41
1c470faa-db47-4d57-b4e9-a35d407f36c5,bemused.blackfriday,available,114.99,114.99,medium,low,7,namesilo,,,07/08/2026 11:47
bd261664-c529-432c-9013-eab4aa2cd11b,fairview.blackfriday,available,103.5,103.5,medium,low,8,porkbun,,,28/09/2026 16:52
0d6aefe4-3974-4eb0-bd8f-dac2b0d1cd20,montana.blackfriday,available,103.7,103.7,high,low,7,spaceship,,,28/09/2026 02:26
4734c618-66fd-448d-9f6f-a5e74967459c,justus.blackfriday,available,103.7,103.7,high,low,6,spaceship,,,29/09/2026 22:14
89f86db3-e9ae-4460-a850-001832a720d8,adjunct.blackfriday,available,114.99,114.99,high,low,7,namesilo,,,
6755e236-921b-4a0a-a1b9-8e8efc466981,mentions.blackfriday,available,114.99,114.99,medium,low,8,namesilo,,,17/09/2026 17:25
381fea4c-6396-4c4c-a09a-730774ea279c,gown.blackfriday,available,114.99,114.99,high,low,4,namesilo,,,28/09/2026 05:51
efd1ce58-09e9-4685-b156-209af28e021e,arrears.blackfriday,available,114.99,114.99,high,low,7,namesilo,,,20/09/2026 08:55
42770ba2-9518-49f9-b8b9-cf25eb469e6e,effort.blackfriday,available,114.99,114.99,high,low,6,namesilo,,,28/09/2026 05:04
25086a4f-15ce-4e74-8d4a-39a334dfd0b7,civic.blackfriday,available,114.99,114.99,high,low,5,namesilo,,,12/08/2026 09:01
23720955-7255-4e4c-94eb-666bf152edc7,totally.blackfriday,available,128.98,134.98,high,low,7,namecheap,,,22/09/2026 00:22
4c393d3f-d2ec-466a-be84-999429610df3,expertise.blackfriday,available,128.98,134.98,high,low,9,namecheap,,,29/09/2026 18:40
5c66805f-c60a-46e7-83b2-197734f7ef2b,communication.blackfriday,available,114.99,114.99,high,low,13,namesilo,,,29/09/2026 06:08
02fa8cea-08df-484c-a18c-3664bbdab0a4,deist.blackfriday,available,114.99,114.99,medium,low,5,namesilo,,,14/08/2026 00:15
b64b2df3-397f-4d21-bcd9-73f6bd75f880,cuthbert.blackfriday,available,114.99,114.99,medium,low,8,namesilo,,,29/09/2026 03:58
9386906e-ec00-4a77-91f9-15bfa1a1b256,pathless.blackfriday,available,114.99,114.99,medium,low,8,namesilo,,,08/09/2026 10:25
4e831ee7-607f-4cd5-a079-29316c2b86f6,argument.blackfriday,available,114.99,114.99,high,low,8,namesilo,,,20/09/2026 04:49
fa399617-7056-47b5-9ab7-8f8ce8b6cdb8,homy.blackfriday,available,114.99,114.99,medium,low,4,namesilo,,,21/08/2026 11:08
13b3e60b-bcef-4f43-afb4-2ecaf7dda909,eclipse.blackfriday,available,114.99,114.99,high,medium,7,namesilo,,,25/09/2026 23:52
1db4942d-36d7-4209-827c-bb0312501ff3,sloth.blackfriday,available,114.99,114.99,high,low,5,namesilo,,,28/09/2026 17:33
02683819-bbc0-4503-82db-8893f4f9ef8e,inglis.blackfriday,available,107.22,107.22,high,low,6,dynadot,,,29/09/2026 14:51
b84acf4b-cddb-4592-9b5e-6748fec49527,bardeen.blackfriday,available,114.99,114.99,high,low,7,namesilo,,,22/09/2026 05:16
dd08f08b-ba12-4afc-a1c9-a813251ad5e2,tart.blackfriday,available,299.99,299.99,medium,low,4,name.com,,,13/08/2026 14:25
1d25ef5d-7d1a-4d0a-9bb5-a5db3ed1f330,anshar.blackfriday,available,114.99,114.99,medium,low,6,namesilo,,,19/09/2026 12:12
8813da39-2a23-4307-90b1-b9751d530a78,calcic.blackfriday,available,114.99,114.99,medium,low,6,namesilo,,,11/08/2026 13:49
464a9231-92bc-47b2-97e6-808124395fdd,brooklyn.blackfriday,available,114.99,114.99,high,low,8,namesilo,,,24/09/2026 10:45
5c8a0a22-3b3a-4cee-88d4-78e440f39de3,pharmaceutical.blackfriday,available,114.99,114.99,high,low,14,namesilo,,,19/09/2026 04:12
097725b6-6ae2-4f2c-b42a-35053b37c998,prudishly.blackfriday,available,114.99,114.99,low,low,9,namesilo,,,15/09/2026 21:53
cc10141d-b0f9-48cb-9ea4-a2f09ff3d781,byu.blackfriday,premium,310.7,310.7,high,low,3,spaceship,,,29/09/2026 15:54
25fe52d8-fb32-4f01-9b98-b82b31bd31e2,amiable.blackfriday,available,128.98,134.98,high,low,7,namecheap,,,21/09/2026 21:32
a59f5fc3-cfd7-454c-8722-8cf16c0d206e,vaccination.blackfriday,available,114.99,114.99,high,low,11,namesilo,,,
648cdec3-2042-4bbc-a313-69f757c1b6f2,paradox.blackfriday,available,107.22,107.22,high,low,7,dynadot,,,29/09/2026 07:49
efad0da0-9c61-4ac4-ae4f-5f388c05eeb4,they.blackfriday,available,114.99,114.99,high,low,4,namesilo,,,
cf007dc3-2fd2-4c66-a6d0-e7603847105e,loves.blackfriday,available,128.98,134.98,high,low,5,namecheap,,,25/09/2026 18:55
4eb8423b-6ebe-4963-b9e8-d521aa12be42,narratives.blackfriday,available,114.99,114.99,medium,low,10,namesilo,,,20/09/2026 10:13
538a4c44-8638-471e-a356-b2cd784091aa,cornish.blackfriday,available,114.99,114.99,high,low,7,namesilo,,,13/08/2026 01:42
7c7353db-b9e0-4612-9b2c-b7172c81d580,contrary.blackfriday,available,114.99,114.99,high,low,8,namesilo,,,23/09/2026 22:29
6ff23520-55b8-4aad-82d5-5d080af34408,stream.blackfriday,available,128.98,134.98,high,medium,6,namecheap,,,27/09/2026 05:33
eabcae4c-6d09-43d3-b163-6567d5582820,excuse.blackfriday,available,114.99,114.99,high,low,6,namesilo,,,25/09/2026 22:39
4150c480-18b9-4961-9826-1962725ff055,spirally.blackfriday,available,114.99,114.99,medium,low,8,namesilo,,,16/09/2026 06:13
d0348c46-46d9-43dd-b870-e7a4b9aecb69,course.blackfriday,available,103.7,103.7,high,low,6,spaceship,,,28/09/2026 20:13
f2292206-ade4-4616-aa8d-282adf5754a1,gimp.blackfriday,available,114.99,114.99,medium,low,4,namesilo,,,23/08/2026 13:28
822690af-e948-40ac-b235-1b23d7be34db,narcotics.blackfriday,available,114.99,114.99,medium,low,9,namesilo,,,28/09/2026 22:46
354b76ca-aee6-4220-ba86-c385c8ff8857,anklets.blackfriday,available,128.98,134.98,high,low,7,namecheap,,,19/09/2026 09:46
869c20f0-e979-4453-8082-6db160737abb,penalties.blackfriday,available,114.99,114.99,high,low,9,namesilo,,,
62b6b642-07c2-44b9-b4d0-cb26f2d62529,soups.blackfriday,available,114.99,114.99,medium,low,5,namesilo,,,19/09/2026 22:44
04de662a-0ef7-41fb-8edd-2f27bf27c2e7,embonpoint.blackfriday,available,114.99,114.99,medium,low,10,namesilo,,,12/08/2026 07:33
dfb1ba19-4310-41f0-a061-456f38b4b30c,bore.blackfriday,available,114.99,114.99,high,low,4,namesilo,,,24/09/2026 12:50
f89ddb5b-f265-4c6a-a871-2f2efa12e6ee,indiscrete.blackfriday,available,114.99,114.99,medium,low,10,namesilo,,,22/08/2026 03:09
145de0bd-9d07-47c3-8d27-7ec929e7ebb3,champaign.blackfriday,available,128.98,134.98,medium,low,9,namecheap,,,08/09/2026 20:30
c9ad74e4-7e4f-4dbd-bb84-b4b86af6c119,regarding.blackfriday,available,114.99,114.99,high,low,9,namesilo,,,27/09/2026 06:20
04c221b9-f974-4341-8d0f-aeab8392fd1d,nonuniform.blackfriday,available,114.99,114.99,medium,low,10,namesilo,,,22/08/2026 05:15
2a84d602-3218-46cf-8a5f-ceee41a7317d,closure.blackfriday,available,114.99,114.99,high,low,7,namesilo,,,24/09/2026 15:56
d48b027d-e4e0-4852-b4fc-fb0c5bb4ab29,proficient.blackfriday,available,128.98,134.98,high,low,10,namecheap,,,21/09/2026 17:23
531dcaf1-335a-41fb-bb65-98c272868f67,carven.blackfriday,available,128.98,134.98,medium,low,6,namecheap,,,11/08/2026 19:59
9a01bc04-da80-4b6f-9404-a4cd257cee76,divers.blackfriday,available,114.99,114.99,high,low,6,namesilo,,,
5a5448ed-e48a-4ad1-ba60-6fa6b149709c,cheesecake.blackfriday,available,114.99,114.99,high,low,10,namesilo,,,24/09/2026 14:12
02b44406-4041-483f-b8fe-c603e2121dd2,cavity.blackfriday,available,103.7,103.7,medium,low,6,spaceship,,,28/09/2026 13:34
6ef0fcda-897e-41f2-a62c-7154f2f10246,pragmatic.blackfriday,available,114.99,114.99,high,low,9,namesilo,,,21/08/2026 00:30
71e89c06-7f33-40b4-811f-1b0e41b0f181,hormones.blackfriday,available,114.99,114.99,medium,low,8,namesilo,,,28/09/2026 23:02
4ef9f332-c537-4c25-a19e-b70c6cee8fc7,gemmed.blackfriday,available,128.98,134.98,medium,low,6,namecheap,,,18/08/2026 21:08
7ff5b40a-e681-41e9-a44f-da8ffe35828e,infants.blackfriday,available,103.7,103.7,medium,low,7,spaceship,,,29/09/2026 23:25
2c4c1993-859e-4064-94a8-804663763459,grip.blackfriday,available,103.7,103.7,high,low,4,spaceship,,,28/09/2026 18:31
e5445917-aff3-421b-ae72-beada4d4aa69,bathsheba.blackfriday,available,114.99,114.99,medium,low,9,namesilo,,,22/09/2026 13:52
f0ac93d7-578a-4678-b0f3-10ef48bc61ad,wyatt.blackfriday,available,114.99,114.99,high,low,5,namesilo,,,25/09/2026 07:54
3fb95cb2-01d9-4719-b308-e4f87c6648f1,criminals.blackfriday,available,114.99,114.99,low,low,9,namesilo,,,27/09/2026 03:03
8a624d35-1378-4939-990f-be0a15dbc92c,acorea.blackfriday,available,114.99,114.99,medium,low,6,namesilo,,,17/09/2026 02:12
006e5b27-c66a-40e4-957a-01758a557eab,abdominous.blackfriday,available,114.99,114.99,medium,low,10,namesilo,,,
4e853856-6527-4578-916d-df0cac312e48,appearance.blackfriday,available,114.99,114.99,high,low,10,namesilo,,,08/09/2026 12:55
19f9b12a-d87c-4dd7-bfc5-b2c2625043df,nebula.blackfriday,available,114.99,114.99,high,low,6,namesilo,,,
ae81356c-58dd-4ead-bc03-44fa133e6164,aura.blackfriday,available,114.99,114.99,high,medium,4,namesilo,,,21/09/2026 04:15
ee44ed0e-e221-4a37-b825-3e2f1f082d26,saint.blackfriday,available,114.99,114.99,high,low,5,namesilo,,,25/09/2026 23:06
78009022-7a56-4de8-a540-d92bf21302bf,seafaring.blackfriday,available,114.99,114.99,medium,low,9,namesilo,,,04/09/2026 00:22
99812e20-6bce-4767-ac32-1f6841bc8901,florentine.blackfriday,available,114.99,114.99,high,low,10,namesilo,,,18/08/2026 08:58
08e1cad7-0b19-4d31-9fe3-087c0c46cb4b,anger.blackfriday,available,128.98,134.98,medium,low,5,namecheap,,,28/09/2026 21:24
aab5f11f-00ce-4a01-b4d8-b72ff8929cd7,perugia.blackfriday,available,103.7,103.7,high,low,7,spaceship,,,29/09/2026 21:46
0b8f48ce-1875-4a48-86d9-4e459aad3dcc,casually.blackfriday,available,114.99,114.99,high,low,8,namesilo,,,14/09/2026 05:25
5b0101db-82e5-4eff-ad72-c12757951cd9,seeable.blackfriday,available,114.99,114.99,medium,low,7,namesilo,,,10/09/2026 01:41
95a7da5c-932a-4051-836e-37e650055a69,shout.blackfriday,available,103.5,103.5,high,low,5,porkbun,,,29/09/2026 12:22
33d4fb80-93a5-4e9e-bcf3-8b5f59e9fff1,attention.blackfriday,available,128.98,134.98,high,low,9,namecheap,,,28/09/2026 02:14
9acb9286-2603-4cfe-bcd0-66175b560be9,youthful.blackfriday,available,114.99,114.99,high,low,8,namesilo,,,13/09/2026 04:18
1afcd53d-53fe-4120-9b09-5f9d597a5aa9,airmailer.blackfriday,available,114.99,114.99,medium,low,9,namesilo,,,17/09/2026 23:15
c837d1f1-b560-4c3f-aa95-51a8451eee69,shares.blackfriday,available,114.99,114.99,high,low,6,namesilo,,,
b9ce100a-e646-461a-8925-89058bbf1deb,lively.blackfriday,available,114.99,114.99,high,medium,6,namesilo,,,23/09/2026 01:27
ad989e22-a0fd-412b-890f-c5a2decb4477,fateful.blackfriday,available,114.99,114.99,medium,low,7,namesilo,,,11/08/2026 13:32
03018070-607c-4ddc-9c84-3b7029f00c27,beira.blackfriday,available,114.99,114.99,medium,low,5,namesilo,,,23/09/2026 04:20
e25d6f5c-4bdd-4d9c-bf49-10b151baeaaa,decides.blackfriday,available,114.99,114.99,medium,low,7,namesilo,,,20/09/2026 06:39
124a8a7a-bbc2-4858-9774-d40361706725,equivalent.blackfriday,available,114.99,114.99,high,low,10,namesilo,,,24/09/2026 14:50
96544178-2caa-4545-ad9d-e5b349f87085,consent.blackfriday,available,114.99,114.99,high,low,7,namesilo,,,08/09/2026 13:17
3a726a92-4312-475a-a34a-7ffbfeada4a8,precautions.blackfriday,available,128.98,134.98,medium,low,11,namecheap,,,18/09/2026 09:01
6bfd36ff-5c57-4de4-9ee9-058730d219aa,novelty.blackfriday,available,103.7,103.7,high,low,7,spaceship,,,29/09/2026 02:33
56ddd454-d1b7-4cd5-a66e-0f0181ee8e0e,trimox.blackfriday,available,114.99,114.99,medium,low,6,namesilo,,,18/09/2026 22:57
e479db11-126a-4e72-b984-048214335720,dismount.blackfriday,available,114.99,114.99,high,low,8,namesilo,,,24/09/2026 22:48
1ec4958b-17fc-4413-b2a4-a5a275a10e0a,compactly.blackfriday,available,114.99,114.99,medium,low,9,namesilo,,,14/09/2026 07:35
d30ae2e0-7a14-4d04-99dd-4d1a222ebae4,alcides.blackfriday,available,114.99,114.99,medium,low,7,namesilo,,,18/09/2026 04:05
d93fc1bd-c053-427f-8733-1bc3003872a2,apeldoorn.blackfriday,available,114.99,114.99,medium,low,9,namesilo,,,19/09/2026 16:24
93e55d73-0a2b-46cf-ac02-95b7782b1869,dancing.blackfriday,available,128.98,134.98,high,low,7,namecheap,,,25/09/2026 04:44
80324bbe-9a7d-459c-87f3-12f041ea03ec,hua.blackfriday,premium,384,384,high,low,3,namesilo,,,18/09/2026 01:18
82899c5d-344d-44cc-b207-a5aa9d8d4291,lxxi.blackfriday,available,114.99,114.99,medium,low,4,namesilo,,,
8693a21a-89e3-41af-bfac-765549651ad8,bierce.blackfriday,available,114.99,114.99,medium,low,6,namesilo,,,18/09/2026 17:23
1665d69d-1091-4a91-aa89-ebd1ca335461,weatherly.blackfriday,available,114.99,114.99,medium,low,9,namesilo,,,13/09/2026 09:23
8243f1b2-4e78-4a95-bad5-fcdcc071706e,balaton.blackfriday,available,299.99,299.99,medium,low,7,name.com,,,21/09/2026 21:18
d97b62db-b642-4bc8-aa67-92116400b634,unsaved.blackfriday,available,128.98,134.98,high,low,7,namecheap,,,12/09/2026 17:57
cc58c264-5ab2-4598-bb3b-099b965208e7,estimation.blackfriday,available,114.99,114.99,high,low,10,namesilo,,,19/09/2026 22:26
c1348801-0ead-48d6-ad4f-b22f2211db74,griffin.blackfriday,available,103.7,103.7,high,low,7,spaceship,,,29/09/2026 01:09
c91bc212-6f32-4274-9dcc-8faac5181847,follows.blackfriday,available,103.7,103.7,high,low,7,spaceship,,,27/09/2026 18:23
37aefdd2-182a-465e-8e9c-b8e0f21dbc74,anxiety.blackfriday,available,128.98,134.98,high,low,7,namecheap,,,19/09/2026 15:59
023197c0-2aee-4310-87db-fff5e6f73bb2,numbers.blackfriday,available,103.7,103.7,high,low,7,spaceship,,,29/09/2026 03:35
a6659ae9-b0c2-4942-bc50-b28d572251d6,illinois.blackfriday,available,128.98,134.98,high,low,8,namecheap,,,21/08/2026 18:40
eeae12d8-5c56-4d65-a7c0-d15f53fe0c25,anile.blackfriday,available,114.99,114.99,medium,low,5,namesilo,,,
f45f2ac3-fa1a-44ce-99b1-bdc0543ba7a8,deictic.blackfriday,available,114.99,114.99,medium,low,7,namesilo,,,14/08/2026 00:12
e70738db-4307-4566-85c0-5433684e66e9,esp.blackfriday,premium,390,390,high,low,3,namecheap,,,24/09/2026 15:12
b57a46fc-72ab-4d97-9b20-3df924a4bd05,payroll.blackfriday,available,114.99,114.99,high,low,7,namesilo,,,28/09/2026 10:41
d34cc96a-706e-4963-8217-d389acd7f4a1,signs.blackfriday,available,114.99,114.99,high,low,5,namesilo,,,17/09/2026 04:39
a4d70af8-51c4-479a-9914-132835d8518f,innsbruck.blackfriday,available,103.7,103.7,high,low,9,spaceship,,,29/09/2026 07:21
be8e074e-4649-47b3-8d0a-84cf6e7bc230,feet.blackfriday,available,114.99,114.99,high,low,4,namesilo,,,
53016b5f-8838-45d9-bd8c-20eaf7958ff0,reasonable.blackfriday,available,114.99,114.99,high,low,10,namesilo,,,24/09/2026 16:20
8c6f119b-2954-4092-b938-56f3b9b29604,unexpectedly.blackfriday,available,103.7,103.7,medium,low,12,spaceship,,,29/09/2026 03:10
39f3ff78-1db2-4b37-92db-d0d8c6fa53e1,dirac.blackfriday,available,103.7,103.7,medium,low,5,spaceship,,,29/09/2026 18:39
42b67f8f-fe7f-47d7-9c96-9ea745cfdbbe,lasting.blackfriday,available,128.98,134.98,high,low,7,namecheap,,,24/09/2026 12:31
e6e213a9-70ca-4181-8301-635da1a53bf3,premiss.blackfriday,available,114.99,114.99,medium,low,7,namesilo,,,20/09/2026 16:38
b4e8c41b-401b-404f-8fa6-ab097c8e4f54,official.blackfriday,available,114.99,114.99,high,low,8,namesilo,,,26/09/2026 00:05
34c9c149-071f-4984-99c5-e363a0b54305,baccharis.blackfriday,available,114.99,114.99,high,low,9,namesilo,,,21/09/2026 14:00
49237a69-58b3-4d84-be62-1ac9bda5e91c,barramundi.blackfriday,available,114.99,114.99,medium,low,10,namesilo,,,20/09/2026 14:04
f0cd68be-71e8-40db-9d23-0cf954893df5,sigh.blackfriday,available,103.7,103.7,high,low,4,spaceship,,,29/09/2026 20:20
997e7e4c-ba2a-4347-9272-de895775056d,afferent.blackfriday,available,114.99,114.99,high,low,8,namesilo,,,
17c08803-c676-46af-8a36-a2706385ddf7,swim.blackfriday,available,199.99,199.99,high,low,4,godaddy,,,28/09/2026 02:10
67139249-e4b4-44d6-8395-82e2e23eeb90,monks.blackfriday,available,114.99,114.99,high,low,5,namesilo,,,28/09/2026 21:40
fadde7b1-0e9c-45d4-9dd9-66341248fcb5,erectile.blackfriday,available,114.99,114.99,medium,low,8,namesilo,,,17/08/2026 12:07
39e1f1ba-b451-4ca1-9649-1373d2b848b6,mercenary.blackfriday,available,114.99,114.99,high,low,9,namesilo,,,24/08/2026 17:14
b0b07721-1c1e-4bd6-b2b2-ccb038f33114,unbelievable.blackfriday,available,107.22,107.22,high,low,12,dynadot,,,28/09/2026 07:08
fcf3613d-68ac-4ad2-813d-665cf8c98b12,reeking.blackfriday,available,114.99,114.99,high,medium,7,namesilo,,,09/09/2026 12:32
a6d731ab-a29d-4a59-b9a2-d0eb1181337d,involvement.blackfriday,available,114.99,114.99,high,low,11,namesilo,,,
ef02d17e-d4df-4684-9358-d8cc54c63d71,behaviour.blackfriday,available,128.98,134.98,high,low,9,namecheap,,,23/09/2026 03:08
f5306c87-12a7-4c06-9d9e-814185359da1,unsmooth.blackfriday,available,128.98,134.98,high,medium,8,namecheap,,,09/09/2026 18:51
4a4ddfd0-53e9-43fc-b5a7-f8b82cb12431,transport.blackfriday,available,103.7,103.7,high,low,9,spaceship,,,28/09/2026 08:14
8668ac47-9713-43d7-851c-f92336ef8336,impeding.blackfriday,available,114.99,114.99,medium,low,8,namesilo,,,12/08/2026 11:44
9a9e9a38-f5a6-46d5-b3ec-28e64fcc897e,calculable.blackfriday,available,114.99,114.99,medium,low,10,namesilo,,,11/08/2026 13:54
b705aa42-f82b-4e35-987d-a2e93bb95053,vaginal.blackfriday,available,114.99,114.99,medium,low,7,namesilo,,,13/09/2026 00:49
2357ed38-d8dc-4c50-9630-30f513f7d0ab,vociferous.blackfriday,available,114.99,114.99,medium,low,10,namesilo,,,12/08/2026 09:21
d9d2479a-5363-4910-85be-3934ebced133,jordanian.blackfriday,available,114.99,114.99,high,low,9,namesilo,,,22/08/2026 14:01
ca2a8a8c-7bf5-424a-989c-9db8b7850e6a,limit.blackfriday,available,103.7,103.7,high,low,5,spaceship,,,29/09/2026 13:54
65646237-155d-4c24-8de6-f567cc24c3f2,styptic.blackfriday,available,114.99,114.99,medium,low,7,namesilo,,,07/08/2026 10:00
a2efc315-0aeb-41d7-9d03-e8c243110089,loco.blackfriday,available,128.98,134.98,high,low,4,namecheap,,,06/08/2026 21:13
90a4b1da-9572-4834-949d-149e05e41056,pear.blackfriday,available,103.7,103.7,high,low,4,spaceship,,,29/09/2026 19:55
7a3a5719-fd66-4c92-94cd-083895eaa170,spinnable.blackfriday,available,114.99,114.99,high,medium,9,namesilo,,,10/09/2026 15:45
8d6e52d0-42b2-4752-863e-d5e5740fc755,cbc.blackfriday,premium,310.7,310.7,high,low,3,spaceship,,,28/09/2026 00:59
e2599af8-f71a-4df6-be28-dd48cf77c89d,geodesic.blackfriday,available,114.99,114.99,high,low,8,namesilo,,,18/08/2026 22:23
f0da6502-b706-43f2-a72c-7c19324926f3,denied.blackfriday,available,114.99,114.99,low,low,6,namesilo,,,27/09/2026 02:21
78029c10-e2c2-46ae-8e42-6f0b9fcfac8d,exemplary.blackfriday,available,128.98,134.98,high,low,9,namecheap,,,21/09/2026 18:58
11c8fbc2-5cbd-43a5-a57b-0d675f371e96,headed.blackfriday,available,114.99,114.99,high,low,6,namesilo,,,21/08/2026 01:51
206b7f9e-466b-4e8a-a741-01fe6bed8d7b,plumbers.blackfriday,available,114.99,114.99,medium,low,8,namesilo,,,20/09/2026 11:13
85292ea6-f048-43b1-8ccb-90bce28f64df,colossus.blackfriday,available,114.99,114.99,high,low,8,namesilo,,,23/09/2026 03:27
3bffb5b7-a06f-432d-aa32-6f9f99a9537c,tetragon.blackfriday,available,114.99,114.99,medium,low,8,namesilo,,,09/09/2026 07:24
71ffd297-6f6c-45fb-9167-37fd6d3f2f17,flyaway.blackfriday,available,114.99,114.99,medium,low,7,namesilo,,,18/08/2026 08:13
68bf5875-4474-4798-97f3-39f39a67cc0c,alienation.blackfriday,available,128.98,134.98,high,low,10,namecheap,,,18/09/2026 07:35
185e535f-e7f5-435d-999c-a9619655e018,tantalize.blackfriday,available,128.98,134.98,medium,low,9,namecheap,,,21/09/2026 19:52
816727c0-1e54-4e34-920e-2eae8002f232,helm.blackfriday,available,103.7,103.7,high,medium,4,spaceship,,,28/09/2026 19:26
610cc002-f7b0-4d1b-8706-e3aff596934f,sup.blackfriday,premium,420,420,high,low,3,namecheap,,,
a3a1b436-bdbd-4deb-ad3a-2c275a2ef9e9,natal.blackfriday,available,114.99,114.99,medium,low,5,namesilo,,,03/09/2026 13:37
adff1899-1d67-4a8d-8507-3a679ce91cfc,discontent.blackfriday,available,114.99,114.99,high,low,10,namesilo,,,14/08/2026 09:59
ebd89dc5-dcce-4f0b-a131-d92a1c506163,antique.blackfriday,available,114.99,114.99,high,low,7,namesilo,,,21/09/2026 22:23
7ec62cf9-640d-4271-8545-48bbd2d490b3,ftc.blackfriday,premium,328.02,328.02,high,low,3,porkbun,,,28/09/2026 14:08
5ad37386-c6a2-40d5-b4cb-de5fd591c779,publisher.blackfriday,available,103.7,103.7,high,low,9,spaceship,,,28/09/2026 10:33
5d4ffa34-caca-43b2-b6aa-82cfa767ba1f,count.blackfriday,available,128.98,134.98,high,low,5,namecheap,,,25/09/2026 23:32
1404c976-7ee5-4eab-9372-00605d3628ef,shrewd.blackfriday,available,114.99,114.99,high,low,6,namesilo,,,22/09/2026 10:37
fbdcb287-444b-4bfc-8f4e-1e9af5a0dea3,viewpoint.blackfriday,available,128.98,134.98,high,low,9,namecheap,,,29/09/2026 20:00
916cebfb-a54c-495c-a304-5cf17a321bce,redheaded.blackfriday,available,114.99,114.99,high,medium,9,namesilo,,,09/09/2026 12:21
36cc2262-8ce7-4d98-a4a9-251879164230,ignorant.blackfriday,available,128.98,134.98,high,low,8,namecheap,,,21/08/2026 18:27
b9dc697b-1f8b-407c-954b-424efb70fb98,scienter.blackfriday,available,114.99,114.99,medium,low,8,namesilo,,,16/09/2026 00:44
4bbef40c-b9dc-40d5-9a2b-585c607f1923,soleless.blackfriday,available,114.99,114.99,low,low,8,namesilo,,,10/09/2026 13:37
e83ad7d2-f9f0-467e-a25c-e7bd5d480153,resolve.blackfriday,available,114.99,114.99,high,low,7,namesilo,,,28/09/2026 01:54
b650edee-6aa9-473c-85b4-34fbe54e0ad0,breathtaking.blackfriday,available,114.99,114.99,high,low,12,namesilo,,,
94b90ec7-5aa2-4a54-af3c-86727f7bc35b,whips.blackfriday,available,114.99,114.99,medium,low,5,namesilo,,,17/09/2026 19:42
6ff5090d-d322-40c5-83aa-3ee9a236d939,bingle.blackfriday,available,114.99,114.99,medium,low,6,namesilo,,,19/09/2026 16:38
3a0cd50d-42c6-4ad2-b1a0-a10e50549228,acuate.blackfriday,available,114.99,114.99,medium,low,6,namesilo,,,
86951faf-74a1-45aa-943a-bc919ba810f7,bawler.blackfriday,available,114.99,114.99,medium,low,6,namesilo,,,22/09/2026 16:58
a0ca8d4c-f406-44b5-a212-892b7abe7518,probative.blackfriday,available,114.99,114.99,medium,low,9,namesilo,,,09/09/2026 02:27
bcf263d3-86be-4fe4-960e-1d7b457ac08a,neo.blackfriday,premium,384,384,high,medium,3,namesilo,,,03/09/2026 15:19
b28ddadd-6b8a-45bb-965e-d96cb61434e9,della.blackfriday,available,128.98,134.98,medium,low,5,namecheap,,,29/09/2026 04:03
b1b515cb-d094-4871-bc1d-a48ecc4d8796,defendable.blackfriday,available,114.99,114.99,high,low,10,namesilo,,,13/08/2026 23:09
305cef5e-ce0f-4598-8b31-b87cae1b2843,prosecuted.blackfriday,available,114.99,114.99,low,low,10,namesilo,,,29/09/2026 17:43
6bb9345f-9a43-4b05-a09a-1b7ab34a3449,teatime.blackfriday,available,114.99,114.99,high,low,7,namesilo,,,17/09/2026 15:45
a42c1a93-1a90-4cab-a105-6e92c133ed28,colombo.blackfriday,available,103.7,103.7,high,low,7,spaceship,,,29/09/2026 07:00
4b58f5b2-0606-4218-9cb9-45a11c2f187f,freed.blackfriday,available,114.99,114.99,high,low,5,namesilo,,,29/09/2026 05:07
950e8c3e-18e5-4261-b406-1ac101dadc9c,redress.blackfriday,available,114.99,114.99,high,low,7,namesilo,,,09/09/2026 17:27
745d8551-6398-426c-8d3f-e27c9f82058b,calorie.blackfriday,available,128.98,134.98,high,low,7,namecheap,,,24/09/2026 11:50
271bc7bc-f6b8-424e-8dda-55c385151e50,ropy.blackfriday,available,128.98,134.98,high,medium,4,namecheap,,,09/09/2026 18:37
42268aaf-5487-42af-83b0-f29120c4ea13,bleb.blackfriday,available,114.99,114.99,medium,low,4,namesilo,,,24/09/2026 05:21
391103e3-a348-4bbe-9d02-e41bbc4f6bf3,offhand.blackfriday,available,128.98,134.98,high,low,7,namecheap,,,
0fd42889-065d-46b2-9f8f-d61f8a673534,rods.blackfriday,available,128.98,134.98,medium,low,4,namecheap,,,29/09/2026 11:22
336f3e3c-a448-42d2-a108-2a350275156e,vernal.blackfriday,available,114.99,114.99,medium,low,6,namesilo,,,13/09/2026 04:19
ae6bb24a-9822-4a75-a2b7-2fad5be5aad2,disbelief.blackfriday,available,114.99,114.99,high,low,9,namesilo,,,24/09/2026 22:29
049e77d6-9c95-4dd9-a96d-bfc38e8b25db,artistry.blackfriday,available,114.99,114.99,high,medium,8,namesilo,,,28/09/2026 08:07
46dffffb-7193-40e3-93e0-d7be2aa6acc6,slithering.blackfriday,available,114.99,114.99,medium,low,10,namesilo,,,10/09/2026 11:07
3bd4e7d2-845e-4a3f-80ca-e715b27b0ea5,ocular.blackfriday,available,114.99,114.99,high,low,6,namesilo,,,04/09/2026 00:41
52dbba5a-247a-4fab-9cfd-40a8598f339b,commands.blackfriday,available,103.7,103.7,medium,low,8,spaceship,,,28/09/2026 17:45
97f48ef3-08e1-409d-997a-3ce4e283d817,guidance.blackfriday,available,114.99,114.99,high,low,8,namesilo,,,28/09/2026 07:09
11558776-d69e-4625-9c20-a0a1cd4a867f,collapsed.blackfriday,available,299.99,299.99,low,low,9,name.com,,,20/09/2026 18:10
d83e32f8-aa6b-45df-825b-6a1cbcb65db3,guerrilla.blackfriday,available,114.99,114.99,high,low,9,namesilo,,,22/08/2026 10:14
12283164-54e1-4282-b040-e8c99d1c366f,conference.blackfriday,available,103.7,103.7,high,low,10,spaceship,,,29/09/2026 10:52
bfe0e90e-1e46-429a-989d-e96102e61be3,agricola.blackfriday,available,128.98,134.98,high,low,8,namecheap,,,17/09/2026 19:19
9bec8ebd-c156-4d62-955a-d6638f249e32,disk.blackfriday,available,103.7,103.7,high,low,4,spaceship,,,29/09/2026 15:10
2edde7c5-c74f-4cab-ae24-0e18dda9a02b,confirms.blackfriday,available,103.7,103.7,low,low,8,spaceship,,,29/09/2026 05:49
0f3f5ab2-9f7c-4740-8454-48d110b9a516,together.blackfriday,available,103.5,103.5,high,medium,8,porkbun,,,28/09/2026 09:16
0ff44209-23fb-474b-97d2-01467ab6ff49,lashing.blackfriday,available,128.98,134.98,medium,low,7,namecheap,,,22/08/2026 20:10
ef03c4bc-a3c9-4c7d-8cef-25fa6598aefc,annals.blackfriday,available,114.99,114.99,high,low,6,namesilo,,,19/09/2026 10:05
503456c0-0c32-4ba5-b262-3f786d0c8ab3,warfare.blackfriday,available,114.99,114.99,high,low,7,namesilo,,,
c9b0ac64-c3d6-4cfc-99df-0c3da31e3c51,missoula.blackfriday,available,103.7,103.7,medium,low,8,spaceship,,,29/09/2026 01:41
85756f97-bc0d-4ddc-a0e7-017ca4c9a887,rate.blackfriday,available,114.99,114.99,high,low,4,namesilo,,,24/09/2026 13:46
332a9bc5-b6f0-4fd5-a296-339c673425ce,electricians.blackfriday,available,128.98,134.98,medium,low,12,namecheap,,,20/09/2026 20:08
8d09c08d-e42e-4983-a74f-922f55e8c9ba,cakes.blackfriday,available,128.98,134.98,medium,low,5,namecheap,,,28/09/2026 13:16
c5a04288-fe4a-4ada-a621-7e590576b127,shellproof.blackfriday,available,128.98,134.98,medium,low,10,namecheap,,,10/08/2026 18:11
e81184e7-4409-4f6e-8e8a-20b0399004e7,mckinley.blackfriday,available,114.99,114.99,high,low,8,namesilo,,,25/09/2026 04:51
71dda726-fbda-4d68-978c-092a7516880f,tunic.blackfriday,available,114.99,114.99,high,low,5,namesilo,,,17/09/2026 10:34
8f3c8ca3-aacd-4caa-b731-6038693ffe8e,initial.blackfriday,available,114.99,114.99,high,low,7,namesilo,,,25/09/2026 09:36
7d87a5c0-cad7-4d94-8cf3-c5ff342d876c,gregg.blackfriday,available,114.99,114.99,high,low,5,namesilo,,,
e08fa827-4d47-45ba-9f7c-f60805fbdbd7,herd.blackfriday,available,114.99,114.99,high,low,4,namesilo,,,24/09/2026 19:45
d4da4f34-91be-4fa3-a399-b325da0b7d7d,wardrobe.blackfriday,available,103.7,103.7,high,low,8,spaceship,,,28/09/2026 06:52
7226f23d-e746-49d0-b979-c11aba787a94,herbs.blackfriday,available,114.99,114.99,high,low,5,namesilo,,,17/09/2026 01:23
f8d93a3d-be40-4dcc-bd06-bc7d0233ea9c,budget.blackfriday,available,114.99,114.99,high,low,6,namesilo,,,29/09/2026 05:05
e5bc2632-4a41-45af-8a3f-c28c1cea2af7,jacket.blackfriday,available,114.99,114.99,high,low,6,namesilo,,,29/09/2026 12:13
eb47e06b-f5c1-49e4-97d0-1df3c18a8449,cooper.blackfriday,available,114.99,114.99,high,low,6,namesilo,,,22/09/2026 08:17
d452ac40-70b8-4f7a-a4b9-686149777efb,frustration.blackfriday,available,114.99,114.99,medium,low,11,namesilo,,,28/09/2026 17:13
87bdd8c6-1aee-4d9a-b439-4425822f5965,beloit.blackfriday,available,103.7,103.7,medium,low,6,spaceship,,,29/09/2026 22:33
50ac51be-6685-40bb-b4ca-c0d3c84306d1,alkene.blackfriday,available,114.99,114.99,medium,low,6,namesilo,,,18/09/2026 08:28
5c9bac07-74dc-4538-98a5-23c5c32a0040,wittily.blackfriday,available,114.99,114.99,medium,low,7,namesilo,,,16/09/2026 11:35
512134e7-0a21-4960-8043-c89d6c6441d3,beadwork.blackfriday,available,128.98,134.98,high,low,8,namecheap,,,22/09/2026 19:29
c907c4be-4c60-4885-a3ff-aadc1d09c221,wheaton.blackfriday,available,103.7,103.7,high,low,7,spaceship,,,28/09/2026 07:32
1502524f-1e6a-4664-abcd-876d1d7a9cac,blt.blackfriday,premium,384,384,high,low,3,namesilo,,,21/09/2026 16:25
8efece89-1cf9-4770-97eb-3a320880fce8,glances.blackfriday,available,299.99,299.99,medium,low,7,name.com,,,18/09/2026 02:11
e549a894-4611-44df-a408-7dde0d96146d,zonary.blackfriday,available,114.99,114.99,medium,low,6,namesilo,,,13/09/2026 15:31
94b564c1-f00a-446e-a516-d482606fd3e7,honeymoon.blackfriday,available,114.99,114.99,high,low,9,namesilo,,,27/09/2026 14:05
68a5247d-00c3-4672-8f59-76942a90be26,calculations.blackfriday,available,114.99,114.99,medium,low,12,namesilo,,,17/09/2026 02:07
be61fc8d-1e73-449c-9709-0db7f9adce5f,devil.blackfriday,available,114.99,114.99,high,low,5,namesilo,,,23/09/2026 01:20
31309e4b-68eb-4b3f-8424-5bdac05be14e,gabonese.blackfriday,available,128.98,134.98,medium,low,8,namecheap,,,18/08/2026 19:24
61e19a8a-0ebf-4878-9a4a-688b0ce8d580,fourier.blackfriday,available,114.99,114.99,medium,low,7,namesilo,,,22/09/2026 07:13
bd17e9bf-d2c9-4f6e-9cb6-f9b9d485d554,thy.blackfriday,premium,384,384,medium,low,3,namesilo,,,28/09/2026 15:36
1afe4a82-13d9-40a3-91e1-af56867198de,salty.blackfriday,available,114.99,114.99,high,low,5,namesilo,,,19/09/2026 11:13
6886d320-658d-4a98-854e-17570f94f733,declare.blackfriday,available,114.99,114.99,high,low,7,namesilo,,,27/09/2026 16:32
d00ab190-6128-404e-8ff8-dcec6d1286c0,significance.blackfriday,available,103.7,103.7,high,low,12,spaceship,,,28/09/2026 08:20
89a2400d-7b69-4e9e-81bb-fcf65a890064,integrally.blackfriday,available,114.99,114.99,medium,low,10,namesilo,,,15/09/2026 08:51
17d60166-653a-451f-8a2b-28aaebc98dca,yong.blackfriday,available,107.22,107.22,medium,low,4,dynadot,,,28/09/2026 16:51
39a819b0-33cb-4b85-a5ba-b6bc39b25a09,snuffly.blackfriday,available,114.99,114.99,high,medium,7,namesilo,,,10/09/2026 12:37
8c34cd9c-616d-4f1f-b10b-b160d4d7e33a,mendelian.blackfriday,available,128.98,134.98,medium,low,9,namecheap,,,24/08/2026 20:06
3adda45f-cebf-475e-95f5-e43cec3046a8,practicing.blackfriday,available,114.99,114.99,high,low,10,namesilo,,,
7ca14454-3532-4bbd-8dbb-f1fb0d067f11,veterans.blackfriday,available,114.99,114.99,high,low,8,namesilo,,,18/09/2026 11:06
6dcab821-936d-43c7-a437-d763496aa448,convolute.blackfriday,available,114.99,114.99,medium,low,9,namesilo,,,12/08/2026 23:57
d02eac13-d408-463a-9e2e-7ada6f97e0d9,bardic.blackfriday,available,128.98,134.98,medium,low,6,namecheap,,,08/08/2026 18:00
5b2c2560-5012-46df-954f-6389a7d9aa93,ricefield.blackfriday,available,114.99,114.99,high,low,10,namesilo,,,
bcfd2a71-da4a-4af2-b173-d476eecbeef9,jody.blackfriday,available,134.98,,high,low,4,namecheap,,,
2824ceda-8e72-404b-8baa-92e7af334737,timestamps.blackfriday,available,114.99,114.99,medium,low,10,namesilo,,,20/09/2026 14:31
b5939c4f-336c-4021-97b0-1e6c1d89c784,inuit.blackfriday,available,114.99,114.99,medium,low,5,namesilo,,,28/09/2026 09:42
bb5c214f-e804-463c-9bc8-cc87716d74a7,santiago.blackfriday,available,128.98,134.98,high,low,8,namecheap,,,28/09/2026 13:37
cfa8bdff-df8e-405c-80fe-5806a9d75494,witless.blackfriday,available,128.98,134.98,medium,low,7,namecheap,,,03/09/2026 17:49
4af94748-c497-49ad-88ae-dd61f0273436,notices.blackfriday,available,114.99,114.99,medium,low,7,namesilo,,,20/09/2026 07:18
0506856b-24ff-4205-bd4d-49e90ec442e5,weber.blackfriday,available,114.99,114.99,high,low,5,namesilo,,,22/09/2026 07:12
bdd8dfc0-f443-4319-8952-4c131339b6ab,fuentes.blackfriday,available,114.99,114.99,high,low,7,namesilo,,,29/09/2026 11:52
fbbda526-b533-402f-ab05-de50e25ddaff,jason.blackfriday,available,107.22,107.22,high,medium,5,dynadot,,,30/09/2026 00:43
b5a78c15-7ae6-4c3f-96a2-b845b08caf70,trout.blackfriday,available,103.7,103.7,high,low,5,spaceship,,,28/09/2026 06:50
ca990204-98bc-4251-b8c1-e53e3e596857,rallying.blackfriday,available,114.99,114.99,high,medium,8,namesilo,,,09/09/2026 09:56
12d4ecd3-25a6-4b3f-a305-cc5445657a77,position.blackfriday,available,114.99,114.99,high,low,8,namesilo,,,19/09/2026 04:25
4064cf93-7050-4ec4-a2a3-92fd80023358,accounts.blackfriday,available,114.99,114.99,high,low,8,namesilo,,,18/09/2026 16:24
e263028c-a244-4441-afc3-72b73d68624f,amberbell.blackfriday,available,128.98,134.98,medium,low,9,namecheap,,,18/09/2026 16:32
f4f1db14-b9b4-40b8-bc68-6c03b609354a,typed.blackfriday,available,114.99,114.99,high,low,5,namesilo,,,17/09/2026 22:44
5aab5286-0038-4b0a-9a8a-19ab99c2164b,bangalore.blackfriday,available,114.99,114.99,high,low,9,namesilo,,,22/09/2026 01:45
892bcddd-f4a9-4bca-be44-52e7474d6876,eccentric.blackfriday,available,114.99,114.99,high,low,9,namesilo,,,10/08/2026 09:50
82de7a3f-b4ba-42b9-a96a-a02de336a271,italic.blackfriday,available,114.99,114.99,high,low,6,namesilo,,,22/08/2026 11:37
90e57afc-8a14-4f58-97f4-e86d4d7849b3,northmost.blackfriday,available,114.99,114.99,medium,low,9,namesilo,,,03/09/2026 21:38
28388006-d059-4145-854a-5ea294d30ba5,fizzle.blackfriday,available,114.99,114.99,medium,low,6,namesilo,,,11/08/2026 11:19
ec206c81-5f11-4faa-bdb9-7cefb7a5ffd5,albacore.blackfriday,available,114.99,114.99,high,low,8,namesilo,,,18/09/2026 02:20
b15ed954-68c8-4344-9673-bac50732356e,cyprinid.blackfriday,available,299.99,299.99,medium,low,8,name.com,,,13/08/2026 14:27
f98d513b-09e0-4868-abf5-7b9fd45ebe67,shooting.blackfriday,available,103.7,103.7,high,low,8,spaceship,,,27/09/2026 21:17
30325ce8-92e2-48f4-8f7d-b194dc0cbf49,hesse.blackfriday,available,114.99,114.99,high,low,5,namesilo,,,27/09/2026 04:26
2d3b091e-8ca1-432e-a0fb-7a12c983f05e,amsonia.blackfriday,available,128.98,134.98,medium,low,7,namecheap,,,19/09/2026 00:00
ed3af4a9-9762-4696-9cc7-c5a78b4fecea,boldly.blackfriday,available,114.99,114.99,high,low,6,namesilo,,,14/09/2026 00:53
ba18afe4-271c-4324-8199-bf68478ff8cf,greasewood.blackfriday,available,114.99,114.99,medium,low,10,namesilo,,,24/09/2026 00:46
aeebcfff-5da4-4c19-856d-11079ea8e845,castellano.blackfriday,available,114.99,114.99,medium,low,10,namesilo,,,
839f6d82-a4ef-47ec-a4f4-885987f4220a,contain.blackfriday,available,128.98,134.98,high,low,7,namecheap,,,24/09/2026 20:22
bb985ca4-3b0b-4a24-9b59-ef75ab232829,ingrown.blackfriday,available,114.99,114.99,medium,low,7,namesilo,,,22/08/2026 04:56
c2ac3452-673e-404d-b425-a23ad4e7d3fd,forthwith.blackfriday,available,114.99,114.99,medium,low,9,namesilo,,,10/09/2026 21:39
898a6e92-6bde-4e10-b217-7c5ab9e649a9,deprave.blackfriday,available,114.99,114.99,medium,low,7,namesilo,,,13/08/2026 02:24
a6009353-5e79-4390-9662-5dea54001be6,christine.blackfriday,available,128.98,134.98,high,low,9,namecheap,,,27/09/2026 19:02
9125d471-5b42-429c-90fc-d6cf067afe63,erotic.blackfriday,available,114.99,114.99,high,low,6,namesilo,,,17/08/2026 12:42
e98ec914-e433-408c-80cb-9e9489729978,sumatran.blackfriday,available,114.99,114.99,high,low,8,namesilo,,,11/09/2026 01:31
38273845-fb41-4182-baa0-94a478039bac,unimposing.blackfriday,available,114.99,114.99,medium,low,10,namesilo,,,12/09/2026 13:12
820eda72-f1ad-4854-b2a8-2f8d8564e99a,retired.blackfriday,available,103.7,103.7,high,low,7,spaceship,,,27/09/2026 13:17
3478c14b-a149-4c07-93b3-cac8f60a393b,differences.blackfriday,available,114.99,114.99,medium,low,11,namesilo,,,17/09/2026 14:00
d45f9924-3471-4b39-812d-66ae62a8c24f,aralia.blackfriday,available,114.99,114.99,medium,low,6,namesilo,,,19/09/2026 23:52
234c7d62-9c07-4052-baba-ea0f75b337a4,advertizer.blackfriday,available,114.99,114.99,high,low,10,namesilo,,,17/09/2026 08:39
3bb30d21-00ab-44ca-877b-c64b95e939cd,smasher.blackfriday,available,114.99,114.99,high,low,7,namesilo,,,22/08/2026 16:38
e7272e08-f7be-4b65-8ef2-c7bd787db1ba,ups.blackfriday,premium,384,384,high,medium,3,namesilo,,,29/09/2026 08:49
b980cbbb-e48b-44e9-9807-d13cc84f0690,arc.blackfriday,premium,384,384,high,medium,3,namesilo,,,06/08/2026 15:03
e729a4c8-1dae-483d-b1b2-bf80262d79c3,clarkson.blackfriday,available,114.99,114.99,medium,low,8,namesilo,,,27/09/2026 01:50
42fad1b4-5bcf-457e-922e-7b0bf7b876e5,sporting.blackfriday,available,128.98,134.98,high,low,8,namecheap,,,09/08/2026 18:15
ba78afa8-3e53-4269-9217-bf9d922a1af0,xmas.blackfriday,available,103.7,103.7,high,low,4,spaceship,,,29/09/2026 09:09
f25bf67f-17b5-4faa-a9cf-9cb93f930f9c,needle.blackfriday,available,103.7,103.7,high,low,6,spaceship,,,28/09/2026 17:37
e2d743d0-1923-4be4-a476-3618ae189c73,twaddle.blackfriday,available,114.99,114.99,medium,low,7,namesilo,,,21/09/2026 23:55
7ea1b46b-8f79-45df-9662-ce246a1dbc45,embodiment.blackfriday,available,114.99,114.99,high,low,10,namesilo,,,21/09/2026 08:48
1dd44441-3f22-490f-b3c2-4f3334ce968e,somalian.blackfriday,available,114.99,114.99,medium,low,8,namesilo,,,10/09/2026 13:56
bee29047-0a17-45f8-94cc-0888299a2d3c,chiefly.blackfriday,available,114.99,114.99,high,low,7,namesilo,,,25/09/2026 05:59
b93706fa-c6ee-4968-9532-7ba2d14683e7,outdo.blackfriday,available,114.99,114.99,high,low,5,namesilo,,,09/08/2026 17:43
64af83ef-1e7a-49c7-9cfe-6c9990af0220,rolled.blackfriday,available,128.98,134.98,high,low,6,namecheap,,,18/08/2026 18:46
62bbba4a-d6db-490c-a54f-19e442e9d49e,briskly.blackfriday,available,114.99,114.99,medium,low,7,namesilo,,,14/09/2026 01:33
84133261-f677-4c03-9e2f-7d31ec829eb9,mooch.blackfriday,available,114.99,114.99,medium,low,5,namesilo,,,11/08/2026 09:27
89cbf710-ee2d-47c8-b3e4-43499cb70bc0,alchemy.blackfriday,available,114.99,114.99,high,medium,7,namesilo,,,18/09/2026 03:59
2594ca30-a6f5-49e8-94fb-b7e229e75e3a,guns.blackfriday,available,114.99,114.99,high,low,4,namesilo,,,17/09/2026 07:29
21f8ade4-6e3a-4015-890a-1a9b9a19c755,calculator.blackfriday,available,128.98,134.98,high,medium,10,namecheap,,,24/09/2026 11:42
cba3e345-792e-4d39-98ee-e7898474bb23,suspect.blackfriday,available,103.7,103.7,high,low,7,spaceship,,,28/09/2026 02:06
06bf1c71-8b94-4328-9ee9-5386fff7ccd8,asio.blackfriday,available,114.99,114.99,medium,low,4,namesilo,,,20/09/2026 14:18
830a7562-f2fb-445e-a908-9dc371398680,irak.blackfriday,available,114.99,114.99,high,high,4,namesilo,,,18/09/2026 00:54
6c51df56-2b0b-4191-b71f-ed8d591bb257,stoppers.blackfriday,available,114.99,114.99,medium,low,8,namesilo,,,20/09/2026 12:45
49c8a8ee-09dc-424d-a05c-3d57a6e79880,pharmacy.blackfriday,available,103.7,103.7,high,low,8,spaceship,,,28/09/2026 21:46
6f26a5e1-5b91-4c33-a433-b8e1be3be6d9,atonal.blackfriday,available,114.99,114.99,medium,low,6,namesilo,,,07/08/2026 13:46
58eab39a-f8ee-4563-9099-b735ce9507ff,cedric.blackfriday,available,114.99,114.99,high,low,6,namesilo,,,29/09/2026 11:42
16d6b4d9-0acf-4cdb-b53c-5096da7cbd66,wesleyan.blackfriday,available,114.99,114.99,high,low,8,namesilo,,,24/08/2026 22:00
e0c6c967-0a92-460b-851e-613443aee190,advertisement.blackfriday,available,114.99,114.99,high,low,13,namesilo,,,
82adac0a-38c7-478f-b6ac-78c8babdfa56,volunteered.blackfriday,available,107.22,107.22,medium,low,11,dynadot,,,28/09/2026 09:06
47cb7358-11d2-457e-87b2-6d9e860adad0,chelmsford.blackfriday,available,103.5,103.5,medium,low,10,porkbun,,,29/09/2026 15:25
72c0ea9a-2ac0-4c28-be76-0a39db81f57b,indigene.blackfriday,available,114.99,114.99,medium,low,8,namesilo,,,03/09/2026 13:49
78b93ceb-17dd-4203-8ef9-5538bd1ffefc,chromium.blackfriday,available,114.99,114.99,high,low,8,namesilo,,,20/09/2026 22:39
99fa39c5-46c5-421f-a624-4c8dff4a54fc,stalked.blackfriday,available,114.99,114.99,medium,low,7,namesilo,,,08/09/2026 13:33
1f3bc5e4-b368-4a44-bd5e-a20b97d56cde,swelling.blackfriday,available,128.98,134.98,high,low,8,namecheap,,,24/09/2026 11:05
bc75c983-e633-4c78-87b9-86506938219f,stringy.blackfriday,available,114.99,114.99,high,medium,7,namesilo,,,10/09/2026 08:17
50220cd2-b100-44b0-a8e5-c6d2ecabbad2,recognise.blackfriday,available,107.22,107.22,high,low,9,dynadot,,,28/09/2026 06:55
35bbfe87-e57f-40f5-9653-7c05815c969b,antithetic.blackfriday,available,114.99,114.99,medium,low,10,namesilo,,,05/08/2026 19:49
ae04a95f-cbf7-4983-ba22-171a699aaccc,beanstalk.blackfriday,available,114.99,114.99,high,low,9,namesilo,,,22/09/2026 20:43
9b9c3d71-0aa7-4a25-bb19-393d0527f718,asterion.blackfriday,available,114.99,114.99,medium,low,8,namesilo,,,20/09/2026 17:10
1f1626d0-e156-4bb8-9f3e-e38c48099139,regulations.blackfriday,available,114.99,114.99,medium,low,11,namesilo,,,28/09/2026 04:25
71e409c3-6f85-4d01-9fe9-71a8d9a9a738,antigone.blackfriday,available,114.99,114.99,medium,low,8,namesilo,,,19/09/2026 14:26
1b4dd00c-d77f-48b2-a10e-326205ad106a,irksome.blackfriday,available,128.98,134.98,medium,low,7,namecheap,,,10/08/2026 20:01
ae1de2d9-0622-4d13-a4dd-32b5fa975e31,rnas.blackfriday,available,103.7,103.7,low,low,4,spaceship,,,29/09/2026 05:15
6c3294d3-cede-4bc8-a497-b196f1f73ff2,reinforce.blackfriday,available,107.22,107.22,high,low,9,dynadot,,,29/09/2026 20:46
b4e7008d-a9a1-4f56-9748-b2d2baa6f01e,biddy.blackfriday,available,114.99,114.99,medium,low,5,namesilo,,,23/09/2026 13:45
28b3b7e2-fd37-42b5-9985-dcd59deea1a9,freaky.blackfriday,available,114.99,114.99,high,low,6,namesilo,,,10/08/2026 10:01
65cbe252-6109-4831-8822-71e921d29ce4,donate.blackfriday,available,128.98,134.98,high,low,6,namecheap,,,28/09/2026 20:51
6fb3303c-0699-481b-9f9c-82b2ed01ee74,call.blackfriday,available,103.7,103.7,high,medium,4,spaceship,,,29/09/2026 02:48
585bf54c-7747-4d92-8fba-38824324a08a,olive.blackfriday,available,114.99,114.99,high,low,5,namesilo,,,26/09/2026 00:11
841719f1-5da0-46e7-ba84-5a7757aded19,fledged.blackfriday,available,114.99,114.99,medium,low,7,namesilo,,,18/08/2026 07:25
c28a5aab-e608-49ff-8fd0-3045e3ac48f7,minty.blackfriday,available,114.99,114.99,high,low,5,namesilo,,,25/08/2026 00:53
46625daa-851b-4077-b8b2-e114dbc9b395,wins.blackfriday,available,128.98,134.98,high,low,4,namecheap,,,18/09/2026 14:21
3b9de54e-dad4-46ec-bee8-d3c637e996b5,ivory.blackfriday,available,114.99,114.99,high,low,5,namesilo,,,04/09/2026 01:20
9c1913cb-e1da-484c-8953-0f3b026e4ea8,historian.blackfriday,available,103.7,103.7,high,low,9,spaceship,,,29/09/2026 13:03
1b0444b2-7b54-49f2-ac74-d1304bffe43f,arability.blackfriday,available,114.99,114.99,medium,low,9,namesilo,,,19/09/2026 23:32
e7343c9f-3a61-4511-971d-7fcca46871c3,doings.blackfriday,available,114.99,114.99,high,low,6,namesilo,,,23/09/2026 03:17
3123f2b5-c561-45e9-896d-097ad0649bfa,barbel.blackfriday,available,128.98,134.98,medium,low,6,namecheap,,,22/09/2026 04:47
8e71a158-f4f1-46c2-baa0-02eff999dff7,red.blackfriday,available,128.98,134.98,high,medium,3,namecheap,,,22/09/2026 22:22
f1e05749-6b4a-43a7-9c3b-96968cb8404c,der.blackfriday,premium,390,390,medium,low,3,namecheap,,,28/09/2026 20:56
bff1a649-ce1e-42fa-a043-f8e99a5232d3,peevish.blackfriday,available,114.99,114.99,medium,low,7,namesilo,,,22/08/2026 10:21
b864cf09-6b91-4940-9525-bceb377a13a0,lil.blackfriday,premium,384,384,high,low,3,namesilo,,,27/09/2026 06:06
9c533be7-7ffa-41f0-bd14-2b699dc51055,daly.blackfriday,available,114.99,114.99,high,low,4,namesilo,,,25/09/2026 13:04
32f7c7a2-e915-4b56-bc91-5fa0a3a1418a,glossy.blackfriday,available,114.99,114.99,high,low,6,namesilo,,,11/08/2026 14:10
c5fd52b8-da8d-4849-aa42-f05caf8560cb,dinkey.blackfriday,available,114.99,114.99,medium,low,6,namesilo,,,14/08/2026 08:16
5f1fb392-1e14-44b7-b485-fe5d4b02dc82,oceanic.blackfriday,available,114.99,114.99,high,medium,7,namesilo,,,04/09/2026 00:26
1a8c47f0-3474-49b6-a9c0-01a846ecdfb7,bounder.blackfriday,available,114.99,114.99,medium,low,7,namesilo,,,24/09/2026 02:20
fd771498-1648-4280-89fd-7c853ed4b823,exotic.blackfriday,available,128.98,134.98,high,low,6,namecheap,,,17/08/2026 17:49
10d3464f-2a42-447f-a26d-c0dddfbb75a7,champions.blackfriday,available,103.7,103.7,high,low,9,spaceship,,,28/09/2026 13:32
b683b346-15bf-4077-9506-beeccc5e7885,astrantia.blackfriday,available,114.99,114.99,medium,low,9,namesilo,,,20/09/2026 17:32
282aeee1-157c-416c-aa45-2e542689adaa,germfree.blackfriday,available,114.99,114.99,medium,low,8,namesilo,,,18/08/2026 22:48
18471e86-fab5-4c24-895a-85e16adcff8c,scrambled.blackfriday,available,114.99,114.99,high,low,9,namesilo,,,09/09/2026 23:46
a2013e7a-f397-4175-b4da-c508f1d83717,saprozoic.blackfriday,available,128.98,134.98,high,medium,9,namecheap,,,09/09/2026 21:25
d9ea8932-79cf-4221-8f73-98959402b4bb,grammatic.blackfriday,available,128.98,134.98,medium,low,9,namecheap,,,20/08/2026 17:56
6222443b-b184-4f25-b2ca-3091bf97a84e,rescue.blackfriday,available,114.99,114.99,high,low,6,namesilo,,,29/09/2026 13:46
0ce19776-4184-44c1-88c4-cc8f8000d6eb,grandmothers.blackfriday,available,128.98,134.98,high,low,12,namecheap,,,20/09/2026 18:06
a92e85d7-d637-4f4c-9b82-e5a662a38d60,dowry.blackfriday,available,114.99,114.99,high,low,5,namesilo,,,24/09/2026 23:36
c5072f4b-0bbd-40e4-9e59-c7f369178944,sides.blackfriday,available,114.99,114.99,medium,low,5,namesilo,,,17/09/2026 23:26
9de59edc-52a9-4a38-9b42-4ba7fda0750d,generously.blackfriday,available,128.98,134.98,high,low,10,namecheap,,,14/09/2026 21:14
b41d6274-7905-4578-a6d5-ba8b2dd4a6b7,camo.blackfriday,available,103.7,103.7,high,low,4,spaceship,,,29/09/2026 06:06
23671aee-f9e7-46d5-83db-331a4ec6ca11,ward.blackfriday,available,114.99,114.99,high,low,4,namesilo,,,16/09/2026 13:33
ac6ff1ff-8ffb-4231-8568-e32072dfa600,whirring.blackfriday,available,114.99,114.99,medium,low,8,namesilo,,,13/09/2026 11:28
73a1d8ba-cef4-4d26-bcd1-0b6d112c29b5,palpatory.blackfriday,available,114.99,114.99,medium,low,9,namesilo,,,05/09/2026 00:12
789a3432-2695-459b-9a4f-33fadeae8c94,embarrass.blackfriday,available,107.22,107.22,medium,low,9,dynadot,,,29/09/2026 11:42
4f2ebafe-cd05-4983-aade-efec225f9594,penial.blackfriday,available,114.99,114.99,medium,low,6,namesilo,,,08/09/2026 14:23
0d0ca10d-8e80-4065-b678-af8e0a121aac,rewrite.blackfriday,available,107.22,107.22,high,low,7,dynadot,,,29/09/2026 13:47
14660575-5953-4975-839b-3c5140c3b323,marrying.blackfriday,available,103.7,103.7,high,low,8,spaceship,,,27/09/2026 17:47
f62d6031-6544-44d0-bc2b-f4e5b558aa33,mechanism.blackfriday,available,128.98,134.98,high,low,9,namecheap,,,24/09/2026 14:15
b90d56c2-944b-4d18-b7fe-426b6962956c,receptive.blackfriday,available,114.99,114.99,high,low,9,namesilo,,,09/09/2026 11:23
7e8efbc5-885e-4a3b-bad3-c3c2ea452670,readings.blackfriday,available,103.7,103.7,medium,low,8,spaceship,,,28/09/2026 23:42
a5042651-88b3-4877-807a-2dfa6ebd7e45,pressed.blackfriday,available,114.99,114.99,high,low,7,namesilo,,,27/09/2026 05:21
f68fb842-4175-413f-8ca6-5259bca1227d,matai.blackfriday,available,114.99,114.99,medium,low,5,namesilo,,,24/09/2026 01:23
e83e3804-908c-4521-80ea-8579812ac165,steel.blackfriday,available,114.99,114.99,high,low,5,namesilo,,,
c0122002-5e53-4988-9e5a-0d647da2c9d7,triploid.blackfriday,available,128.98,134.98,medium,low,8,namecheap,,,11/09/2026 20:10
57a2b4d7-b59f-4e0c-99b3-b52fd964fd83,sass.blackfriday,available,114.99,114.99,high,low,4,namesilo,,,21/09/2026 14:47
d41bff0b-50eb-4e99-a3f0-2ea9afa8bf08,apart.blackfriday,available,114.99,114.99,high,low,5,namesilo,,,22/09/2026 07:07
73f85d7f-59fe-4041-84c7-d0c76bcc61ab,pushup.blackfriday,available,134.98,,high,low,7,namecheap,,,
48169eda-1341-4d3a-bb1a-f48b92907825,moe.blackfriday,premium,330,330,high,medium,3,dynadot,,,28/09/2026 12:10
5175576c-7ead-4e5b-9721-24575d8b737e,muscles.blackfriday,available,107.22,107.22,medium,low,7,dynadot,,,27/09/2026 21:29
6bc9c33e-563e-41ea-967f-18ed61c15537,vaughan.blackfriday,available,114.99,114.99,high,low,7,namesilo,,,25/09/2026 10:35
0eb9fdad-6f3e-4b30-aba4-5b470e28f584,cleverly.blackfriday,available,103.5,103.5,high,low,8,porkbun,,,28/09/2026 13:56
112fa3bf-955a-42ac-bebe-e6f19363d0e3,avo.blackfriday,premium,384,384,high,low,3,namesilo,,,21/09/2026 09:36
17649a08-14ea-45e9-b428-d508c261eda6,nun.blackfriday,premium,384,384,high,low,3,namesilo,,,29/09/2026 11:00
d7722e30-ee2a-4657-a3cc-df2e3dc24a0c,climb.blackfriday,available,114.99,114.99,high,low,5,namesilo,,,16/09/2026 22:41
2d4ff4af-64ba-4e77-bd03-fda4537d5689,physical.blackfriday,available,114.99,114.99,high,low,8,namesilo,,,08/09/2026 15:48
6df63898-84e3-4f4b-9fff-f03dc006cc29,former.blackfriday,available,128.98,134.98,high,low,6,namecheap,,,24/09/2026 21:24
ebb84c17-2c47-4678-95ce-6fc17d761aaa,misunderstood.blackfriday,available,114.99,114.99,medium,low,13,namesilo,,,29/09/2026 02:48
0c225f3c-1a5b-434d-9ce4-9c751b53faaf,aps.blackfriday,premium,328.02,328.02,high,low,3,porkbun,,,29/09/2026 10:56
cbf089d8-d6a2-4118-8557-ebe8e71a1d2a,ninefold.blackfriday,available,114.99,114.99,medium,low,8,namesilo,,,03/09/2026 17:31
32bcf5e1-d634-42f0-b894-3a6c4ad2be32,hilary.blackfriday,available,103.7,103.7,medium,low,6,spaceship,,,28/09/2026 21:53
60344186-ce99-44fa-803b-97dffa166792,refunds.blackfriday,available,114.99,114.99,high,low,7,namesilo,,,20/09/2026 14:13
bbb03370-2d90-4de7-b7d8-c4cfad02a0ad,artifacts.blackfriday,available,107.22,107.22,medium,low,9,dynadot,,,29/09/2026 17:20
226b1f9e-7eeb-445f-9e6b-2ad77ed02636,crystals.blackfriday,available,103.7,103.7,medium,low,8,spaceship,,,29/09/2026 04:45
64a5f7f2-ec20-4147-841f-326e8aee4a55,capturing.blackfriday,available,103.7,103.7,medium,low,9,spaceship,,,29/09/2026 16:31
6d2131de-c9c0-414c-a4da-7b64621185c9,ryder.blackfriday,available,128.98,134.98,high,low,5,namecheap,,,29/09/2026 21:38
cc8e978c-7a46-4593-8f15-cf2cbb7a8230,frozen.blackfriday,available,128.98,134.98,high,low,6,namecheap,,,24/09/2026 19:29
f89de844-46fc-4a63-8dd0-4464c81f35db,mendoza.blackfriday,available,128.98,134.98,high,low,7,namecheap,,,27/09/2026 07:53
d691b078-f07a-447d-a76b-48cc0cd3571f,conventional.blackfriday,available,103.7,103.7,high,low,12,spaceship,,,28/09/2026 11:12
cb67271a-e3c8-4881-a3fb-d91ac792cb68,gregor.blackfriday,available,114.99,114.99,high,low,6,namesilo,,,
d2c3b560-5ed7-4a50-8664-1c26854d462d,translating.blackfriday,available,128.98,134.98,medium,low,11,namecheap,,,17/09/2026 20:51
1e223fff-3ddf-48d7-ac4f-014590f788dd,paranoiac.blackfriday,available,114.99,114.99,medium,low,9,namesilo,,,08/09/2026 01:08
e1f21ae5-0c57-47a1-ac34-79c0bfc1b988,canopy.blackfriday,available,107.22,107.22,high,medium,6,dynadot,,,29/09/2026 06:12
1b0a135a-b09e-40b5-a9de-b00fd6c66f34,scallops.blackfriday,available,114.99,114.99,medium,low,8,namesilo,,,19/09/2026 23:48
aec0ed0e-f4b2-4dce-a398-c84ae68c97e0,moravia.blackfriday,available,128.98,134.98,medium,low,7,namecheap,,,28/09/2026 19:54
dc970901-0136-4805-8970-439847b9bf9a,windblown.blackfriday,available,114.99,114.99,medium,low,9,namesilo,,,13/09/2026 12:08
07675723-6f0f-465e-ab90-1d254562478c,tyranny.blackfriday,available,128.98,134.98,medium,low,7,namecheap,,,16/09/2026 18:02
cb0e86f4-e6c1-4a78-af03-13a717475880,sparse.blackfriday,available,114.99,114.99,high,medium,6,namesilo,,,10/09/2026 15:17
e53c09e7-97fe-42d4-ae19-029b576ba205,mississippi.blackfriday,available,114.99,114.99,high,low,11,namesilo,,,28/09/2026 03:26
ed7d29b0-0851-4dcb-8e2d-805f5af54a70,challenge.blackfriday,available,114.99,114.99,high,low,9,namesilo,,,29/09/2026 07:59
38a0d2d2-5cc2-4b5e-9cae-0b23a674063b,whats.blackfriday,available,114.99,114.99,medium,low,5,namesilo,,,20/09/2026 02:25
902b25b8-5fb7-4e4b-860e-a19cbaeca8a9,prodigal.blackfriday,available,114.99,114.99,high,low,8,namesilo,,,09/09/2026 02:36
43488b57-f62b-41f4-818b-ba6af392ab0f,jan.blackfriday,premium,310.7,310.7,high,low,3,spaceship,,,30/09/2026 00:39
eefc1b1a-96df-4fbb-b16e-08bea6e84cb7,sadducean.blackfriday,available,114.99,114.99,high,medium,9,namesilo,,,09/09/2026 20:42
67c4ff3e-113c-42ff-ae11-e6a7a2d16211,sergey.blackfriday,available,114.99,114.99,medium,low,6,namesilo,,,29/09/2026 04:18
e5d69045-8429-4ac8-a231-e4b3910ee22e,teller.blackfriday,available,114.99,114.99,high,low,6,namesilo,,,22/09/2026 02:23
9a946656-7f05-491f-bc96-79dad532c958,now.blackfriday,premium,384,384,high,medium,3,namesilo,,,28/09/2026 01:14
4032808c-3f98-4f69-a77c-b05fbf6878d9,aku.blackfriday,premium,384,384,high,low,3,namesilo,,,18/09/2026 00:16
04e456e1-f15a-4015-826f-b0f1e4028df1,bandage.blackfriday,available,114.99,114.99,high,low,7,namesilo,,,22/09/2026 00:52
918bc092-656c-426b-87a1-ec97246c2ee4,napkin.blackfriday,available,103.7,103.7,high,low,6,spaceship,,,28/09/2026 08:00
0f021834-edc2-4883-a938-4050027c6b58,crosby.blackfriday,available,128.98,134.98,high,low,6,namecheap,,,23/09/2026 17:15
195d6606-9117-443d-887f-9f531b6ad855,congrats.blackfriday,available,114.99,114.99,high,low,8,namesilo,,,
7804091c-dd2c-4fb1-badf-5834c1080dad,quechua.blackfriday,available,114.99,114.99,high,low,7,namesilo,,,22/08/2026 15:21
ca90a35b-98e2-4e97-9893-9ab2daf56165,kitts.blackfriday,available,103.7,103.7,medium,low,5,spaceship,,,29/09/2026 09:58
9ad90096-5628-439f-b687-37379f2fda48,same.blackfriday,available,107.22,107.22,high,low,4,dynadot,,,27/09/2026 17:53
9577b6ca-8bbc-43fb-bab4-2a87e73e6740,pouch.blackfriday,available,114.99,114.99,high,low,5,namesilo,,,24/09/2026 11:07
c5da5ba2-b0c0-4577-b244-7226f4ab6bf2,tongue.blackfriday,available,103.7,103.7,high,low,6,spaceship,,,29/09/2026 20:52
9108f911-e2bd-4e4a-9d5a-82ca5e5b58c1,unnoted.blackfriday,available,128.98,134.98,medium,low,7,namecheap,,,04/09/2026 21:08
229ea6b6-519f-4593-83d6-eff0d6e5705b,deafened.blackfriday,available,299.99,299.99,medium,low,8,name.com,,,13/08/2026 19:52
75b65c0e-3904-4177-b8ec-46bf18cbabd8,informally.blackfriday,available,114.99,114.99,medium,low,10,namesilo,,,28/09/2026 14:09
f1ba43e7-f9c0-48df-b762-cb3398ca57c5,paramount.blackfriday,available,114.99,114.99,high,low,9,namesilo,,,04/09/2026 21:41
52865087-6b98-4b2e-a06d-28d595d58c98,distinctly.blackfriday,available,114.99,114.99,high,low,10,namesilo,,,14/09/2026 13:19
e878f824-80a9-42d5-8579-9e955a256584,assembling.blackfriday,available,114.99,114.99,high,low,10,namesilo,,,20/09/2026 16:08
2f564dd7-2b4c-4cf3-8101-1e9b59da99a0,turned.blackfriday,available,103.7,103.7,medium,low,6,spaceship,,,28/09/2026 09:34
926284b6-d301-496d-9e08-c6a936408afd,camus.blackfriday,available,114.99,114.99,high,low,5,namesilo,,,18/09/2026 02:38
287a102c-7ec1-4a73-bd5f-fbde56029016,dimple.blackfriday,available,128.98,134.98,high,low,6,namecheap,,,24/09/2026 22:21
67ebe147-da35-427f-8d78-19f7f9d9927d,byte.blackfriday,available,128.98,134.98,high,medium,4,namecheap,,,24/09/2026 11:26
a59b4891-676e-47bf-94df-6d3b79ef57d0,scaly.blackfriday,available,114.99,114.99,medium,low,5,namesilo,,,23/08/2026 00:05
b5d0f998-bbcc-4972-91e2-1c09cb385877,fluently.blackfriday,available,128.98,134.98,high,low,8,namecheap,,,14/09/2026 19:08
7a0fbe1a-b6f9-46cd-96d0-28719310b831,drilled.blackfriday,available,128.98,134.98,medium,low,7,namecheap,,,14/08/2026 19:21
899a597a-fd9f-4fb6-9878-b8d6a44f0985,war.blackfriday,premium,390,390,high,low,3,namecheap,,,26/09/2026 00:24
d0c29d03-98a4-4477-a457-4979449ceb6c,viviparous.blackfriday,available,114.99,114.99,medium,low,10,namesilo,,,24/08/2026 07:53
cc63cfe5-6a70-414e-ac85-b2714366bcb5,psalms.blackfriday,available,114.99,114.99,high,low,6,namesilo,,,24/09/2026 07:04
0ce0f4b0-5a46-4621-8097-65f87e8ed3d9,marek.blackfriday,available,103.7,103.7,high,low,5,spaceship,,,29/09/2026 17:56
9a2a2e07-d3a0-48e0-94de-d76ed0523377,leger.blackfriday,available,128.98,134.98,medium,low,5,namecheap,,,16/09/2026 23:07
73c092a1-4759-45e7-9349-ec9c55ef44dd,spiral.blackfriday,available,114.99,114.99,high,low,6,namesilo,,,23/09/2026 14:59
5b61fcee-eb57-4386-be67-37be0048db44,argent.blackfriday,available,128.98,134.98,medium,low,6,namecheap,,,06/08/2026 17:51
4086da25-4d4c-46c1-ad60-1ff35281205c,clinical.blackfriday,available,114.99,114.99,high,low,8,namesilo,,,28/09/2026 12:54
25ceff04-0eb7-4969-90f2-4bd4fe065ca8,eruption.blackfriday,available,128.98,134.98,high,low,8,namecheap,,,24/09/2026 15:18
41102374-337e-4f90-b5e9-ff818e1228a5,aotus.blackfriday,available,299.99,299.99,medium,low,5,name.com,,,19/09/2026 16:05
4e584517-ea2b-4ce4-828c-8c04d3294cf6,celiac.blackfriday,available,114.99,114.99,high,low,6,namesilo,,,11/08/2026 23:23
7a6b59c5-06f1-4aaa-a1a1-6aa33018a057,hub.blackfriday,premium,310.7,310.7,high,medium,3,spaceship,,,29/09/2026 23:12
4e8e1b2d-5a8c-4253-8f37-96bab044d967,bonds.blackfriday,available,103.7,103.7,high,low,5,spaceship,,,28/09/2026 04:31
ba3d5199-dac0-4c00-adbb-89a90c2438a5,shouter.blackfriday,available,114.99,114.99,medium,low,7,namesilo,,,22/09/2026 17:05
c1676dfc-ae71-454a-b4c5-358b0e9971ea,restaurants.blackfriday,available,103.7,103.7,medium,low,11,spaceship,,,29/09/2026 00:02
d825dc82-cdc2-4b8d-9ed2-f840a840318d,michelson.blackfriday,available,114.99,114.99,medium,low,9,namesilo,,,16/09/2026 12:52
6679efa2-bd49-4f80-ab5f-2ab6e576efc2,wrong.blackfriday,available,114.99,114.99,high,low,5,namesilo,,,25/09/2026 07:41
ba4ddbf1-7215-4f52-a50f-ed6125c46419,applewood.blackfriday,available,114.99,114.99,medium,low,9,namesilo,,,19/09/2026 21:44
8c77eb63-35f3-4d97-b0c5-82d2c95f92c3,pornography.blackfriday,available,114.99,114.99,medium,low,11,namesilo,,,28/09/2026 12:37
6f617403-85d9-45d6-95d2-503c7c9d3098,strife.blackfriday,available,114.99,114.99,high,low,6,namesilo,,,24/09/2026 22:33
b738b163-29db-44aa-ad48-35af4db378d7,graceful.blackfriday,available,128.98,134.98,high,low,8,namecheap,,,20/08/2026 17:25
53276978-44b5-4d5c-9734-e425fcf19ead,easier.blackfriday,available,114.99,114.99,high,low,6,namesilo,,,27/09/2026 09:58
9b2ffd93-99f0-4be3-bab5-78fd42caf416,lugosi.blackfriday,available,128.98,134.98,high,low,6,namecheap,,,23/09/2026 04:23
c92d76da-a92c-4435-8ec4-ef0c126dd052,merck.blackfriday,available,103.7,103.7,high,high,5,spaceship,,,29/09/2026 03:32
c8ba1546-9d7b-4198-8460-82a56ed23f91,specifically.blackfriday,available,114.99,114.99,high,low,12,namesilo,,,26/09/2026 00:54
f5ce0b11-f6dc-4f3f-be44-86b3155876ef,trades.blackfriday,available,114.99,114.99,high,low,6,namesilo,,,28/09/2026 03:42
c84a8744-4eb4-4ef4-83d3-ef8b4c616b41,deplorable.blackfriday,available,128.98,134.98,medium,low,10,namecheap,,,12/08/2026 20:22
556ebb68-67d6-408d-abfb-094ae9ad61c5,tall.blackfriday,available,128.98,134.98,high,low,4,namecheap,,,24/09/2026 22:52
629c79ae-53f8-4c57-86e4-3b29857c86b8,colours.blackfriday,available,103.7,103.7,high,low,7,spaceship,,,29/09/2026 10:20
1cbe6ecf-c3fd-4817-9113-8a427b2ca4d9,heedful.blackfriday,available,114.99,114.99,medium,low,7,namesilo,,,
266ee9e4-0990-4f0c-b83a-7732cdee243a,kean.blackfriday,available,103.5,103.5,medium,low,4,porkbun,,,29/09/2026 00:45
e31ad061-890d-435a-adb5-21a1b9a5f646,dispensary.blackfriday,available,114.99,114.99,high,low,10,namesilo,,,24/09/2026 22:58
01a0a778-6940-4b8c-b9b9-e12b5e6ee268,beverley.blackfriday,available,103.7,103.7,medium,low,8,spaceship,,,29/09/2026 00:09
03ca61ac-7fe0-4dcd-872d-e1922f37b86f,improvise.blackfriday,available,114.99,114.99,high,low,9,namesilo,,,21/09/2026 16:45
25cbe12f-1d56-455e-9570-7c60b321f737,spendable.blackfriday,available,114.99,114.99,high,medium,9,namesilo,,,10/09/2026 15:28
78b78903-d85e-4856-8a48-8b72cc57ed67,sprint.blackfriday,available,103.7,103.7,high,medium,6,spaceship,,,29/09/2026 20:27
8a3fb38a-8a86-4d3a-a3db-60dab81e42e2,grugru.blackfriday,available,114.99,114.99,medium,low,6,namesilo,,,17/09/2026 03:33
dc52dc79-1f55-49ff-b4ef-87fcbd4cb0e7,domed.blackfriday,available,114.99,114.99,high,low,5,namesilo,,,14/08/2026 15:37
f90f5a28-90cd-4965-af79-cd7cd5248ef3,rant.blackfriday,available,114.99,114.99,high,low,4,namesilo,,,24/09/2026 03:37
561ba15b-d115-4de3-8abe-cd598f6e286f,ammonia.blackfriday,available,128.98,134.98,high,low,7,namecheap,,,18/09/2026 22:08
a6fb3abf-1807-4abb-b6a9-db5db287055d,georges.blackfriday,available,299.99,299.99,high,low,7,name.com,,,25/09/2026 15:05
d33aaf87-f595-47de-8c21-747946c1888e,fitted.blackfriday,available,114.99,114.99,high,low,6,namesilo,,,18/08/2026 05:47
edc44a24-593f-411a-9e9d-a6a861c69c22,vere.blackfriday,available,114.99,114.99,medium,low,4,namesilo,,,29/09/2026 04:28
e5863d8e-e73b-40c0-b055-1924ab3756e6,oleaceous.blackfriday,available,114.99,114.99,medium,low,9,namesilo,,,04/09/2026 02:06
42c97250-ad2a-4f92-9b66-341038e3fcbb,syllabled.blackfriday,available,114.99,114.99,medium,low,9,namesilo,,,11/09/2026 06:00
acbd0518-cb6a-4831-b3d9-ef6c42646d7a,resinated.blackfriday,available,114.99,114.99,medium,low,9,namesilo,,,09/09/2026 15:09
eb788043-1336-434d-b28b-119766cb664a,dmitry.blackfriday,available,114.99,114.99,high,low,6,namesilo,,,29/09/2026 15:33
6cd30d24-947b-466d-94c1-39f67c5a91c3,pelvis.blackfriday,available,128.98,134.98,high,low,6,namecheap,,,29/09/2026 19:56
b08a7ef0-00a8-4329-b501-bce44cb2a270,fingerprint.blackfriday,available,114.99,114.99,high,low,11,namesilo,,,29/09/2026 08:29
8df58729-9c09-4155-8f85-2f5399bb678e,heilong.blackfriday,available,114.99,114.99,medium,low,7,namesilo,,,19/09/2026 00:15
16363bd9-781f-473c-83e2-be981ebdf913,maxim.blackfriday,available,103.7,103.7,high,low,5,spaceship,,,28/09/2026 23:52
f46e38ef-7fb1-4f6c-8919-32d79b37d5e2,monophonic.blackfriday,available,114.99,114.99,medium,low,10,namesilo,,,25/08/2026 04:55
cb71dc2c-f3dd-4768-acf4-62e22af7545f,dampen.blackfriday,available,299.99,299.99,medium,low,6,name.com,,,13/08/2026 16:53
d67c7cdb-30c0-4a80-8734-39514bef0270,furnishings.blackfriday,available,128.98,134.98,high,low,11,namecheap,,,16/09/2026 18:36
78b3b770-aa9d-4f97-a8bb-bf3c6d3f5a05,morals.blackfriday,available,103.7,103.7,high,low,6,spaceship,,,28/09/2026 14:04
d04b6f8a-4514-4c8f-a68c-826f927ac602,deathly.blackfriday,available,299.99,299.99,medium,low,7,name.com,,,13/08/2026 19:31
398d4c48-1f98-43cc-aaa9-7f6a42efaeef,apprentice.blackfriday,available,114.99,114.99,high,low,10,namesilo,,,19/09/2026 22:15
f93f5d45-0e50-43c3-984e-5be9b2237f5d,london.blackfriday,available,114.99,114.99,high,medium,6,namesilo,,,29/09/2026 04:25
2984caf0-238b-4da0-b40f-059f1a56fddc,manfred.blackfriday,available,128.98,134.98,high,low,7,namecheap,,,28/09/2026 07:56
310579d0-684c-4119-bcfd-7e7625bb4d54,hell.blackfriday,available,103.7,103.7,high,low,4,spaceship,,,29/09/2026 22:37
3859c7ca-4bff-43fd-8931-4492dddca0be,awake.blackfriday,available,128.98,134.98,high,low,5,namecheap,,,22/09/2026 14:37
048beb2f-1a23-4efc-9d24-52eb9ec765cf,received.blackfriday,available,114.99,114.99,high,low,8,namesilo,,,27/09/2026 10:43
8c31d74e-f57b-456e-a2e2-df1b4c0b7bdf,mining.blackfriday,available,134.98,,high,low,6,namecheap,,,
ff646f64-228e-42c7-9db0-2df33329832c,brace.blackfriday,available,114.99,114.99,high,low,5,namesilo,,,11/08/2026 00:41
ea951052-84ef-4c43-869f-44ae00585994,imposed.blackfriday,available,114.99,114.99,medium,low,7,namesilo,,,21/08/2026 22:50
1d097121-1b83-4ce1-9332-b1b85b828470,assayer.blackfriday,available,114.99,114.99,medium,low,7,namesilo,,,20/09/2026 15:59
81b1525b-854c-4395-9a6c-5515c71031c2,stoutness.blackfriday,available,114.99,114.99,medium,low,9,namesilo,,,04/09/2026 22:03
b45d7a84-1a72-4b38-882b-94dce9434126,deliver.blackfriday,available,128.98,134.98,high,low,7,namecheap,,,29/09/2026 02:52
d90daae7-1feb-4865-aab5-64d10d0f8c23,database.blackfriday,available,114.99,114.99,high,low,8,namesilo,,,29/09/2026 08:09
24fe6ca8-fbe0-4d7b-b17b-9540b438db0d,imminently.blackfriday,available,114.99,114.99,medium,low,10,namesilo,,,15/09/2026 02:00
873348c9-94eb-4f1b-82d5-5a1ac38e6620,reindeer.blackfriday,available,103.7,103.7,high,low,8,spaceship,,,29/09/2026 06:16
7e6f58de-94da-4b5d-b16d-b7f2f0e119d6,northerner.blackfriday,available,114.99,114.99,high,low,10,namesilo,,,13/09/2026 14:16
f740457a-1c06-4d77-98c8-96278b57e71e,ruly.blackfriday,available,128.98,134.98,high,medium,4,namecheap,,,09/09/2026 19:21
21e6fc38-2667-42a6-9c70-1fa28f2fa682,classless.blackfriday,available,114.99,114.99,medium,low,9,namesilo,,,12/08/2026 09:48
844ae52c-d9f5-40f5-8265-415c9a920c90,lush.blackfriday,available,114.99,114.99,high,medium,4,namesilo,,,
d025f5ff-9d14-417b-9b57-dbb669a6fe0c,lodged.blackfriday,available,114.99,114.99,medium,low,6,namesilo,,,18/09/2026 14:44
81bcf200-bea6-4f82-97fa-98d4deb92f1b,splay.blackfriday,available,114.99,114.99,medium,low,5,namesilo,,,10/09/2026 16:06
323e6fd0-ac50-475a-b9eb-c119835388c9,punish.blackfriday,available,114.99,114.99,high,low,6,namesilo,,,27/09/2026 06:05
b6a60103-595c-47e5-9a97-0396b4feaed7,annette.blackfriday,available,107.22,107.22,medium,low,7,dynadot,,,28/09/2026 04:47
6b9282c7-eb9a-49c8-839d-aa8a61b60870,trustful.blackfriday,available,128.98,134.98,high,low,8,namecheap,,,11/09/2026 20:45
811a4bf8-5d5b-4ed2-98b0-2afee129f813,areola.blackfriday,available,114.99,114.99,medium,low,6,namesilo,,,20/09/2026 03:49
f3f15918-9a20-4f70-b9c8-784ab3ece29b,judah.blackfriday,available,103.7,103.7,medium,low,5,spaceship,,,29/09/2026 01:27
81d85b85-8bf6-4f8e-9165-59fdbf32d5ec,arawak.blackfriday,available,114.99,114.99,medium,low,6,namesilo,,,06/08/2026 12:38
e2d8f75d-b7bb-49f8-9ed6-5a595824ceba,dull.blackfriday,available,114.99,114.99,high,low,4,namesilo,,,23/09/2026 00:25
08b82b21-ef78-429f-80bf-c992242338ce,selkirk.blackfriday,available,299.99,299.99,high,low,7,name.com,,,18/09/2026 05:50
2c79e16b-9105-46cc-991a-e1d829f12054,adultery.blackfriday,available,114.99,114.99,medium,low,8,namesilo,,,17/09/2026 10:25
68328bf8-3669-4200-9139-cea895431e32,irrational.blackfriday,available,128.98,134.98,high,low,10,namecheap,,,25/09/2026 11:23
60d534b8-1856-4de4-bdbd-304aa6938031,drain.blackfriday,available,128.98,134.98,high,low,5,namecheap,,,24/09/2026 23:49
91e9a4ae-8902-4197-bb1b-fc57be424c5c,routledge.blackfriday,available,103.7,103.7,medium,low,9,spaceship,,,28/09/2026 16:54
27a05bd9-f578-4f3a-8dfe-2d4b719b5835,likable.blackfriday,available,114.99,114.99,high,low,7,namesilo,,,23/08/2026 06:14
a0946faf-9a3b-4b91-9fd1-68fe21a4ea46,fatality.blackfriday,available,199.99,199.99,medium,low,8,godaddy,,,30/09/2026 01:36
4ba175fd-730b-4fa8-b1b6-da378e343e7b,century.blackfriday,available,114.99,114.99,high,low,7,namesilo,,,
0ae1c082-15ad-470c-ae20-fa017942184b,adhd.blackfriday,available,114.99,114.99,high,medium,4,namesilo,,,17/09/2026 06:35
5c51418e-b892-41d6-ac0b-5eb6bdda188b,venue.blackfriday,available,103.5,103.5,high,low,5,porkbun,,,29/09/2026 01:38
361e47a0-cd28-45a2-821f-f8cf7e5c4a46,accolade.blackfriday,available,114.99,114.99,high,low,8,namesilo,,,16/09/2026 22:45
31fd8b15-7119-4f94-8038-dcb651815a09,aether.blackfriday,available,114.99,114.99,high,medium,6,namesilo,,,17/09/2026 13:40
9449cd7a-e873-49d1-ae7d-04264d34326b,acetous.blackfriday,available,114.99,114.99,medium,low,7,namesilo,,,
5ac857c5-1d7a-4c66-a46a-dbc6e3ba27df,apia.blackfriday,available,114.99,114.99,medium,low,4,namesilo,,,19/09/2026 17:18
50d60e64-172f-472a-a911-0be20791e22b,profitless.blackfriday,available,114.99,114.99,medium,low,10,namesilo,,,09/09/2026 02:50
7633ee48-0e12-4180-831d-154844720147,grabbed.blackfriday,available,114.99,114.99,high,low,7,namesilo,,,27/09/2026 03:19
a9121fba-9ff0-4e80-8c8e-6ff98c6560ec,tokyo.blackfriday,available,114.99,114.99,high,low,5,namesilo,,,24/09/2026 12:18
1c0f5b95-0d47-486c-a993-c05090caf0e4,collapses.blackfriday,available,114.99,114.99,low,low,9,namesilo,,,20/09/2026 09:36
22e9aa94-9114-4a94-9ac6-b20e421f3bbc,sensor.blackfriday,available,103.7,103.7,high,low,6,spaceship,,,29/09/2026 14:18
2dafff54-3f67-4f4c-b78b-8512152d4bf6,bedouin.blackfriday,available,114.99,114.99,high,low,7,namesilo,,,22/09/2026 23:26
ab71dc4c-f2cc-4780-bb2c-ca7ad44fc480,stoddard.blackfriday,available,114.99,114.99,medium,low,8,namesilo,,,29/09/2026 09:50
420d1597-c84e-43b3-a6c1-5a47eb8715e1,titanic.blackfriday,available,114.99,114.99,high,low,7,namesilo,,,11/09/2026 16:30
a957adc0-f9be-4cf6-864a-914acbfef373,wares.blackfriday,available,114.99,114.99,medium,low,5,namesilo,,,28/09/2026 04:14
7d7e5c58-1059-4d85-8df9-9ebb10a4f9cf,unstated.blackfriday,available,114.99,114.99,medium,low,8,namesilo,,,12/09/2026 09:45
2b8363eb-e7b1-479b-b62e-e34fc1b4cadc,garcia.blackfriday,available,128.98,134.98,high,low,6,namecheap,,,25/09/2026 20:50
982c4589-f5c6-45c9-9b2a-e51e5260bdfb,bounce.blackfriday,available,114.99,114.99,high,low,6,namesilo,,,23/09/2026 01:22
3f204a72-875b-4137-a366-fc0010976c57,swosh.blackfriday,available,114.99,114.99,medium,low,5,namesilo,,,11/09/2026 05:50
027f3144-7983-4be9-8c50-eec671e9fd63,afoot.blackfriday,available,114.99,114.99,medium,low,5,namesilo,,,
b0b70f78-ddf1-427a-994e-d43c8327b7d8,ade.blackfriday,premium,384,384,high,low,3,namesilo,,,17/09/2026 07:12
419a691f-64f7-4bb9-aa30-7a60049b1d28,volumetric.blackfriday,available,114.99,114.99,medium,low,10,namesilo,,,13/09/2026 07:03
c1cf4d0a-2182-407e-a622-42cdd9c8d7f6,fifteen.blackfriday,available,128.98,134.98,high,low,7,namecheap,,,21/09/2026 11:44
cf2e1dbf-9aaa-43eb-adef-a1ad58be8eef,gardiner.blackfriday,available,128.98,134.98,high,low,8,namecheap,,,25/09/2026 06:17
78f47dd8-35b9-4f1d-848c-72167bc71a3f,ives.blackfriday,available,114.99,114.99,high,low,4,namesilo,,,25/09/2026 22:11
81242d15-4fd4-45ce-85c6-0c47ac17ffbf,disappointment.blackfriday,available,114.99,114.99,medium,low,14,namesilo,,,
a29fe17a-bb4a-4ca4-9565-65a39bab00ec,artisan.blackfriday,available,114.99,114.99,high,low,7,namesilo,,,20/09/2026 11:51
85d4b233-2ab5-40fe-b0c3-457ffad8b22a,acetylene.blackfriday,available,114.99,114.99,medium,low,9,namesilo,,,17/09/2026 00:22
c36fe2cd-a6fe-4bcd-a913-f72006f828fb,attempt.blackfriday,available,128.98,134.98,high,low,7,namecheap,,,28/09/2026 23:03
5def2034-b2f6-4525-8ea8-2048a826bd85,mitch.blackfriday,available,299.99,299.99,high,low,5,name.com,,,26/09/2026 03:07
c864fce7-a807-4fbb-bbb6-1d219cf8eac4,waterproof.blackfriday,available,114.99,114.99,high,medium,10,namesilo,,,09/09/2026 09:48
413e4d62-b5e7-406d-a9a7-8f11b518dce5,impervious.blackfriday,available,114.99,114.99,medium,low,10,namesilo,,,21/08/2026 22:19
abf51b0c-0d1c-405b-a09b-632198709e88,ballpark.blackfriday,available,114.99,114.99,high,low,8,namesilo,,,19/09/2026 22:25
41d27ac9-5c69-42e9-bda0-9e049d56f26e,raccoon.blackfriday,available,114.99,114.99,high,low,7,namesilo,,,
4bcf2945-2000-4729-94ec-b5eb2a9ca8ce,allow.blackfriday,available,114.99,114.99,high,low,5,namesilo,,,06/08/2026 09:03
5e10e01d-1f28-4863-a5fd-8c0014f5262f,miotic.blackfriday,available,114.99,114.99,medium,low,6,namesilo,,,25/08/2026 01:00
95e113f1-df77-4c9c-8f0d-aa4cb7d695a8,humbled.blackfriday,available,114.99,114.99,high,low,7,namesilo,,,21/08/2026 15:00
05207f18-3a9f-4924-8b6d-fa936897dc68,endeavour.blackfriday,available,114.99,114.99,high,low,9,namesilo,,,21/09/2026 01:16
bbbb0ddd-6b96-4feb-8e24-614aeff76664,soccer.blackfriday,available,103.7,103.7,high,low,6,spaceship,,,28/09/2026 22:49
ec6d7179-24e5-46d2-916f-ae22d9e817aa,kit.blackfriday,premium,384,384,high,medium,3,namesilo,,,30/09/2026 01:37
053bad26-dbe5-4718-82be-5b7886495c00,superstar.blackfriday,available,103.7,103.7,high,low,9,spaceship,,,28/09/2026 17:57
d7894ec3-247d-44ec-b040-b20f26acb8fc,boyd.blackfriday,available,114.99,114.99,high,low,4,namesilo,,,25/09/2026 14:55
8530ced5-1593-4080-8a60-889f6000a100,located.blackfriday,available,128.98,134.98,high,low,7,namecheap,,,25/09/2026 14:10
3ae174de-e67a-4c08-ae30-77071f8056f7,premises.blackfriday,available,103.7,103.7,high,low,8,spaceship,,,28/09/2026 15:06
a8bc5d3b-cdd7-45ea-83c5-07206630ad9e,bickering.blackfriday,available,114.99,114.99,medium,low,9,namesilo,,,23/09/2026 13:12
3e46d6ba-a59a-42dc-9f45-33258fc7c087,suspension.blackfriday,available,103.7,103.7,high,low,10,spaceship,,,28/09/2026 16:59
fabe2edb-1733-4de1-a58a-f6ad086634e1,picking.blackfriday,available,114.99,114.99,high,low,7,namesilo,,,25/09/2026 09:58
d962ff4b-abdb-40f3-8d30-915964256fce,dug.blackfriday,premium,384,384,high,low,3,namesilo,,,28/09/2026 05:32
1734f097-dfc3-4d9e-8e7e-c834327a9a92,oppression.blackfriday,available,114.99,114.99,medium,low,10,namesilo,,,29/09/2026 13:36
86bddc00-0059-41fa-b644-8e1f22ae7018,inman.blackfriday,available,128.98,134.98,high,low,5,namecheap,,,29/09/2026 15:42
305d682c-517e-4c7d-96eb-2b58e35029f7,toothed.blackfriday,available,114.99,114.99,medium,low,7,namesilo,,,17/08/2026 12:41
94f878bc-4ce8-41fe-9a02-7b2050806232,whir.blackfriday,available,114.99,114.99,medium,low,4,namesilo,,,13/09/2026 11:30
69e2c0e6-be05-47a6-8e6e-e9df7914e9f5,rouged.blackfriday,available,128.98,134.98,high,medium,6,namecheap,,,09/09/2026 18:49
666b63f6-6abf-4244-8cac-76e8df8c4507,wolfbane.blackfriday,available,114.99,114.99,medium,low,8,namesilo,,,17/09/2026 02:09